specialty_name,diagnosis_name,diagnosis_relevance,recommended_drugs,candidate_drug_pairs,avoid_or_low_priority_drugs,evidence_source,top_drug_evidence,mapping_quality,evidence_interpretation,notes,treatment_role_evidence
内分泌/代谢,Acidosis,cross_specialty_comorbidity,,,,single_specialty_cooccurrence,,仅用于诊断评估,共现仅提示病例背景或跨专科合并症，不作为治疗因果证据,该诊断不是本专科主要疾病，可用于诊断评估和 MDT 协商背景,
内分泌/代谢,Acromegaly and pituitary gigantism,primary_specialty_disease,desmopressin acetate | hydrocortisone na succ. | hydrocortisone | levothyroxine sodium,desmopressin acetate | hydrocortisone na succ.,0.9% sodium chloride (mini bag plus) | acetaminophen | ceftriaxone | bisacodyl | docusate sodium,single_specialty_cooccurrence,desmopressin acetate(10) | hydrocortisone na succ.(4) | hydrocortisone(3) | levothyroxine sodium(1),候选证据充分,单专科住院共现可作为真实世界候选证据，不代表治疗因果或临床指南推荐,已优先保留疾病直接治疗或风险控制药物，支持/通用药物移入低优先级,desmopressin acetate:disease_directed_therapy | hydrocortisone na succ.:disease_directed_therapy | hydrocortisone:disease_directed_therapy | levothyroxine sodium:disease_directed_therapy
内分泌/代谢,Acute intermittent (hepatic) porphyria,primary_specialty_disease,methylprednisolone sodium succ,methylprednisolone sodium succ,morphine sulfate | d10w | diphenhydramine | acetaminophen | bisacodyl,single_specialty_cooccurrence,methylprednisolone sodium succ(1),候选证据充分,单专科住院共现可作为真实世界候选证据，不代表治疗因果或临床指南推荐,已优先保留疾病直接治疗或风险控制药物，支持/通用药物移入低优先级,methylprednisolone sodium succ:disease_directed_therapy
内分泌/代谢,Acute thyroiditis,primary_specialty_disease,atenolol | cholestyramine,atenolol | cholestyramine,acyclovir | enoxaparin (prophylaxis) | fluticasone propionate nasal | ibuprofen | multivitamins,single_specialty_cooccurrence,atenolol(3) | cholestyramine(1),候选证据充分,单专科住院共现可作为真实世界候选证据，不代表治疗因果或临床指南推荐,已优先保留疾病直接治疗或风险控制药物，支持/通用药物移入低优先级,atenolol:disease_directed_therapy | cholestyramine:disease_directed_therapy
内分泌/代谢,"Albinism, unspecified",cross_specialty_comorbidity,,,,single_specialty_cooccurrence,,仅用于诊断评估,共现仅提示病例背景或跨专科合并症，不作为治疗因果证据,该诊断不是本专科主要疾病，可用于诊断评估和 MDT 协商背景,
内分泌/代谢,Alkalosis,cross_specialty_comorbidity,,,,single_specialty_cooccurrence,,仅用于诊断评估,共现仅提示病例背景或跨专科合并症，不作为治疗因果证据,该诊断不是本专科主要疾病，可用于诊断评估和 MDT 协商背景,
内分泌/代谢,"Amyloidosis, unspecified",cross_specialty_comorbidity,,,,single_specialty_cooccurrence,,仅用于诊断评估,共现仅提示病例背景或跨专科合并症，不作为治疗因果证据,该诊断不是本专科主要疾病，可用于诊断评估和 MDT 协商背景,
内分泌/代谢,Ascorbic acid deficiency,cross_specialty_comorbidity,,,,single_specialty_cooccurrence,,仅用于诊断评估,共现仅提示病例背景或跨专科合并症，不作为治疗因果证据,该诊断不是本专科主要疾病，可用于诊断评估和 MDT 协商背景,
内分泌/代谢,Autoimmune thyroiditis,primary_specialty_disease,insulin | levothyroxine sodium | calcium carbonate | prednisone | insulin pump (self administering medication),insulin | levothyroxine sodium,acetaminophen | docusate sodium | ondansetron | oxycodone (immediate release) | senna,single_specialty_cooccurrence,insulin(237) | levothyroxine sodium(103) | calcium carbonate(42) | prednisone(14) | insulin pump (self administering medication)(11),候选证据充分,单专科住院共现可作为真实世界候选证据，不代表治疗因果或临床指南推荐,已优先保留疾病直接治疗或风险控制药物，支持/通用药物移入低优先级,insulin:disease_directed_therapy | levothyroxine sodium:disease_directed_therapy | calcium carbonate:disease_directed_therapy | prednisone:disease_directed_therapy | insulin pump (self administering medication):disease_directed_therapy
内分泌/代谢,Carcinoid syndrome,cross_specialty_comorbidity,,,,single_specialty_cooccurrence,,仅用于诊断评估,共现仅提示病例背景或跨专科合并症，不作为治疗因果证据,该诊断不是本专科主要疾病，可用于诊断评估和 MDT 协商背景,
内分泌/代谢,Congenital adrenogenital disorders associated with enzyme deficiency,cross_specialty_comorbidity,,,,single_specialty_cooccurrence,,仅用于诊断评估,共现仅提示病例背景或跨专科合并症，不作为治疗因果证据,该诊断不是本专科主要疾病，可用于诊断评估和 MDT 协商背景,
内分泌/代谢,Congenital hypothyroidism,primary_specialty_disease,levothyroxine sodium | prednisone | calcium carbonate | methylprednisolone sodium succ | insulin,levothyroxine sodium | prednisone,hydromorphone (dilaudid) | acetaminophen | morphine sulfate | ondansetron | heparin,single_specialty_cooccurrence,levothyroxine sodium(29) | prednisone(13) | calcium carbonate(11) | methylprednisolone sodium succ(6) | insulin(4),候选证据充分,单专科住院共现可作为真实世界候选证据，不代表治疗因果或临床指南推荐,已优先保留疾病直接治疗或风险控制药物，支持/通用药物移入低优先级,levothyroxine sodium:disease_directed_therapy | prednisone:disease_directed_therapy | calcium carbonate:disease_directed_therapy | methylprednisolone sodium succ:disease_directed_therapy | insulin:disease_directed_therapy
内分泌/代谢,"Cushing's syndrome, unspecified",cross_specialty_comorbidity,,,,single_specialty_cooccurrence,,仅用于诊断评估,共现仅提示病例背景或跨专科合并症，不作为治疗因果证据,该诊断不是本专科主要疾病，可用于诊断评估和 MDT 协商背景,
内分泌/代谢,"Cystic fibrosis, unspecified",cross_specialty_comorbidity,,,,single_specialty_cooccurrence,,仅用于诊断评估,共现仅提示病例背景或跨专科合并症，不作为治疗因果证据,该诊断不是本专科主要疾病，可用于诊断评估和 MDT 协商背景,
内分泌/代谢,Deficiency of other specified B group vitamins,primary_specialty_disease,insulin | cyanocobalamin | levothyroxine sodium | calcium carbonate | methylprednisolone sodium succ,insulin | cyanocobalamin,acetaminophen | senna | heparin | influenza vaccine quadrivalent | lorazepam,single_specialty_cooccurrence,insulin(30) | cyanocobalamin(25) | levothyroxine sodium(7) | calcium carbonate(3) | methylprednisolone sodium succ(3),候选证据充分,单专科住院共现可作为真实世界候选证据，不代表治疗因果或临床指南推荐,已优先保留疾病直接治疗或风险控制药物，支持/通用药物移入低优先级,insulin:disease_directed_therapy | cyanocobalamin:disease_directed_therapy | levothyroxine sodium:disease_directed_therapy | calcium carbonate:disease_directed_therapy | methylprednisolone sodium succ:disease_directed_therapy
内分泌/代谢,Deficiency of vitamin K,primary_specialty_disease,cyanocobalamin,cyanocobalamin,acetaminophen | cefepime | heparin | atovaquone-proguanil (250mg-100mg) | d5lr,single_specialty_cooccurrence,cyanocobalamin(3),候选证据充分,单专科住院共现可作为真实世界候选证据，不代表治疗因果或临床指南推荐,已优先保留疾病直接治疗或风险控制药物，支持/通用药物移入低优先级,cyanocobalamin:disease_directed_therapy
内分泌/代谢,Dehydration,cross_specialty_comorbidity,,,,single_specialty_cooccurrence,,仅用于诊断评估,共现仅提示病例背景或跨专科合并症，不作为治疗因果证据,该诊断不是本专科主要疾病，可用于诊断评估和 MDT 协商背景,
内分泌/代谢,Diabetes insipidus,primary_specialty_disease,desmopressin acetate | hydrocortisone | hydrocortisone na succ. | sodium bicarbonate | desmopressin nasal,desmopressin acetate | hydrocortisone,dextrose 5% | acetaminophen | bisacodyl | ondansetron | docusate sodium,single_specialty_cooccurrence,desmopressin acetate(36) | hydrocortisone(29) | hydrocortisone na succ.(21) | sodium bicarbonate(11) | desmopressin nasal(9),候选证据充分,单专科住院共现可作为真实世界候选证据，不代表治疗因果或临床指南推荐,已优先保留疾病直接治疗或风险控制药物，支持/通用药物移入低优先级,desmopressin acetate:disease_directed_therapy | hydrocortisone:disease_directed_therapy | hydrocortisone na succ.:disease_directed_therapy | sodium bicarbonate:disease_directed_therapy | desmopressin nasal:disease_directed_therapy
内分泌/代谢,"Disorder of adrenal gland, unspecified",primary_specialty_disease,hydrocortisone | calcium carbonate | hydrocortisone (rectal) 2.5% cream | hydrocortisone na succ.,hydrocortisone | calcium carbonate,acetaminophen | olanzapine | senna | docusate sodium | oxycodone (immediate release),single_specialty_cooccurrence,hydrocortisone(2) | calcium carbonate(1) | hydrocortisone (rectal) 2.5% cream(1) | hydrocortisone na succ.(1),候选证据充分,单专科住院共现可作为真实世界候选证据，不代表治疗因果或临床指南推荐,已优先保留疾病直接治疗或风险控制药物，支持/通用药物移入低优先级,hydrocortisone:disease_directed_therapy | calcium carbonate:disease_directed_therapy | hydrocortisone (rectal) 2.5% cream:disease_directed_therapy | hydrocortisone na succ.:disease_directed_therapy
内分泌/代谢,"Disorder of phosphorus metabolism, unspecified",primary_specialty_disease,insulin human regular | insulin pump (self administering medication),insulin human regular | insulin pump (self administering medication),bisacodyl | d5 1/2ns | heparin | potassium chl 40 meq / 1000 ml d5 1/2 ns | senna,single_specialty_cooccurrence,insulin human regular(3) | insulin pump (self administering medication)(1),候选证据充分,单专科住院共现可作为真实世界候选证据，不代表治疗因果或临床指南推荐,已优先保留疾病直接治疗或风险控制药物，支持/通用药物移入低优先级,insulin human regular:disease_directed_therapy | insulin pump (self administering medication):disease_directed_therapy
内分泌/代谢,"Disorder of pituitary gland, unspecified",primary_specialty_disease,calcium carbonate | levothyroxine sodium | insulin,calcium carbonate | levothyroxine sodium,acetaminophen | diazepam | diphenhydramine | hydroxyzine | morphine sulfate,single_specialty_cooccurrence,calcium carbonate(2) | levothyroxine sodium(2) | insulin(1),候选证据充分,单专科住院共现可作为真实世界候选证据，不代表治疗因果或临床指南推荐,已优先保留疾病直接治疗或风险控制药物，支持/通用药物移入低优先级,calcium carbonate:disease_directed_therapy | levothyroxine sodium:disease_directed_therapy | insulin:disease_directed_therapy
内分泌/代谢,"Disorder of thyroid, unspecified",primary_specialty_disease,levothyroxine sodium | hydrocortisone | calcium carbonate | hydrocortisone na succ. | insulin,levothyroxine sodium | hydrocortisone,acetaminophen | docusate sodium | hydromorphone (dilaudid) | oxycodone (immediate release) | ondansetron,single_specialty_cooccurrence,levothyroxine sodium(7) | hydrocortisone(2) | calcium carbonate(1) | hydrocortisone na succ.(1) | insulin(1),候选证据充分,单专科住院共现可作为真实世界候选证据，不代表治疗因果或临床指南推荐,已优先保留疾病直接治疗或风险控制药物，支持/通用药物移入低优先级,levothyroxine sodium:disease_directed_therapy | hydrocortisone:disease_directed_therapy | calcium carbonate:disease_directed_therapy | hydrocortisone na succ.:disease_directed_therapy | insulin:disease_directed_therapy
内分泌/代谢,Disorders of pyruvate metabolism and gluconeogenesis,primary_specialty_disease,calcium carbonate,calcium carbonate,ketorolac | naloxone | nifedipine (extended release) | acetaminophen | bisacodyl,single_specialty_cooccurrence,calcium carbonate(1),候选证据充分,单专科住院共现可作为真实世界候选证据，不代表治疗因果或临床指南推荐,已优先保留疾病直接治疗或风险控制药物，支持/通用药物移入低优先级,calcium carbonate:disease_directed_therapy
内分泌/代谢,Drug or chemical induced diabetes mellitus with hyperglycemia,primary_specialty_disease,insulin | prednisone | calcium carbonate | methylprednisolone na suc | methylprednisolone sodium succ,insulin | prednisone,tacrolimus | vitamin d | acetaminophen | dextrose 50% | glucagon,single_specialty_cooccurrence,insulin(102) | prednisone(6) | calcium carbonate(4) | methylprednisolone na suc(2) | methylprednisolone sodium succ(2),候选证据充分,单专科住院共现可作为真实世界候选证据，不代表治疗因果或临床指南推荐,已优先保留疾病直接治疗或风险控制药物，支持/通用药物移入低优先级,insulin:disease_directed_therapy | prednisone:disease_directed_therapy | calcium carbonate:disease_directed_therapy | methylprednisolone na suc:disease_directed_therapy | methylprednisolone sodium succ:disease_directed_therapy
内分泌/代谢,Drug or chemical induced diabetes mellitus without complications,specialty_related_condition,,,,single_specialty_cooccurrence,,仅用于诊断评估,共现仅提示病例背景或跨专科合并症，不作为治疗因果证据,该诊断不是本专科主要疾病，可用于诊断评估和 MDT 协商背景,
内分泌/代谢,Drug-induced adrenocortical insufficiency,cross_specialty_comorbidity,,,,single_specialty_cooccurrence,,仅用于诊断评估,共现仅提示病例背景或跨专科合并症，不作为治疗因果证据,该诊断不是本专科主要疾病，可用于诊断评估和 MDT 协商背景,
内分泌/代谢,"Endocrine disorder, unspecified",cross_specialty_comorbidity,,,,single_specialty_cooccurrence,,仅用于诊断评估,共现仅提示病例背景或跨专科合并症，不作为治疗因果证据,该诊断不是本专科主要疾病，可用于诊断评估和 MDT 协商背景,
内分泌/代谢,Familial hypercholesterolemia,primary_specialty_disease,calcium carbonate,calcium carbonate,hydromorphone (dilaudid) | docusate sodium | acetaminophen | ketorolac | ondansetron,single_specialty_cooccurrence,calcium carbonate(1),候选证据充分,单专科住院共现可作为真实世界候选证据，不代表治疗因果或临床指南推荐,已优先保留疾病直接治疗或风险控制药物，支持/通用药物移入低优先级,calcium carbonate:disease_directed_therapy
内分泌/代谢,"Fluid overload, unspecified",cross_specialty_comorbidity,,,,single_specialty_cooccurrence,,仅用于诊断评估,共现仅提示病例背景或跨专科合并症，不作为治疗因果证据,该诊断不是本专科主要疾病，可用于诊断评估和 MDT 协商背景,
内分泌/代谢,Gilbert syndrome,cross_specialty_comorbidity,,,,single_specialty_cooccurrence,,仅用于诊断评估,共现仅提示病例背景或跨专科合并症，不作为治疗因果证据,该诊断不是本专科主要疾病，可用于诊断评估和 MDT 协商背景,
内分泌/代谢,Hemochromatosis due to repeated red blood cell transfusions,cross_specialty_comorbidity,,,,single_specialty_cooccurrence,,仅用于诊断评估,共现仅提示病例背景或跨专科合并症，不作为治疗因果证据,该诊断不是本专科主要疾病，可用于诊断评估和 MDT 协商背景,
内分泌/代谢,"Hemochromatosis, unspecified",cross_specialty_comorbidity,,,,single_specialty_cooccurrence,,仅用于诊断评估,共现仅提示病例背景或跨专科合并症，不作为治疗因果证据,该诊断不是本专科主要疾病，可用于诊断评估和 MDT 协商背景,
内分泌/代谢,Hereditary hemochromatosis,cross_specialty_comorbidity,,,,single_specialty_cooccurrence,,仅用于诊断评估,共现仅提示病例背景或跨专科合并症，不作为治疗因果证据,该诊断不是本专科主要疾病，可用于诊断评估和 MDT 协商背景,
内分泌/代谢,Hermansky-Pudlak syndrome,cross_specialty_comorbidity,,,,single_specialty_cooccurrence,,仅用于诊断评估,共现仅提示病例背景或跨专科合并症，不作为治疗因果证据,该诊断不是本专科主要疾病，可用于诊断评估和 MDT 协商背景,
内分泌/代谢,Homocystinuria,cross_specialty_comorbidity,,,,single_specialty_cooccurrence,,仅用于诊断评估,共现仅提示病例背景或跨专科合并症，不作为治疗因果证据,该诊断不是本专科主要疾病，可用于诊断评估和 MDT 协商背景,
内分泌/代谢,Hypercalcemia,cross_specialty_comorbidity,,,,single_specialty_cooccurrence,,仅用于诊断评估,共现仅提示病例背景或跨专科合并症，不作为治疗因果证据,该诊断不是本专科主要疾病，可用于诊断评估和 MDT 协商背景,
内分泌/代谢,"Hyperfunction of pituitary gland, unspecified",primary_specialty_disease,prednisone | hydrocortisone na succ. | levothyroxine sodium,prednisone | hydrocortisone na succ.,acetaminophen | ondansetron | tramadol | acetaminophen-caff-butalbital | cefazolin,single_specialty_cooccurrence,prednisone(2) | hydrocortisone na succ.(1) | levothyroxine sodium(1),候选证据充分,单专科住院共现可作为真实世界候选证据，不代表治疗因果或临床指南推荐,已优先保留疾病直接治疗或风险控制药物，支持/通用药物移入低优先级,prednisone:disease_directed_therapy | hydrocortisone na succ.:disease_directed_therapy | levothyroxine sodium:disease_directed_therapy
内分泌/代谢,Hyperkalemia,cross_specialty_comorbidity,,,,single_specialty_cooccurrence,,仅用于诊断评估,共现仅提示病例背景或跨专科合并症，不作为治疗因果证据,该诊断不是本专科主要疾病，可用于诊断评估和 MDT 协商背景,
内分泌/代谢,"Hyperlipidemia, unspecified",primary_specialty_disease,insulin | levothyroxine sodium | sodium bicarbonate | calcium carbonate | prednisone,insulin | levothyroxine sodium,acetaminophen | oxycodone (immediate release) | senna | docusate sodium | ondansetron,single_specialty_cooccurrence,insulin(477) | levothyroxine sodium(154) | sodium bicarbonate(76) | calcium carbonate(74) | prednisone(66),候选证据充分,单专科住院共现可作为真实世界候选证据，不代表治疗因果或临床指南推荐,已优先保留疾病直接治疗或风险控制药物，支持/通用药物移入低优先级,insulin:disease_directed_therapy | levothyroxine sodium:disease_directed_therapy | sodium bicarbonate:disease_directed_therapy | calcium carbonate:disease_directed_therapy | prednisone:disease_directed_therapy
内分泌/代谢,Hypermagnesemia,cross_specialty_comorbidity,,,,single_specialty_cooccurrence,,仅用于诊断评估,共现仅提示病例背景或跨专科合并症，不作为治疗因果证据,该诊断不是本专科主要疾病，可用于诊断评估和 MDT 协商背景,
内分泌/代谢,Hyperosmolality and hypernatremia,cross_specialty_comorbidity,,,,single_specialty_cooccurrence,,仅用于诊断评估,共现仅提示病例背景或跨专科合并症，不作为治疗因果证据,该诊断不是本专科主要疾病，可用于诊断评估和 MDT 协商背景,
内分泌/代谢,"Hyperparathyroidism, unspecified",primary_specialty_disease,calcium carbonate | insulin | levothyroxine sodium | atenolol | methimazole,calcium carbonate | insulin,acetaminophen | oxycodone (immediate release) | docusate sodium | ondansetron | enoxaparin (prophylaxis),single_specialty_cooccurrence,calcium carbonate(2) | insulin(2) | levothyroxine sodium(2) | atenolol(1) | methimazole(1),候选证据充分,单专科住院共现可作为真实世界候选证据，不代表治疗因果或临床指南推荐,已优先保留疾病直接治疗或风险控制药物，支持/通用药物移入低优先级,calcium carbonate:disease_directed_therapy | insulin:disease_directed_therapy | levothyroxine sodium:disease_directed_therapy | atenolol:disease_directed_therapy | methimazole:disease_directed_therapy
内分泌/代谢,Hyperprolactinemia,cross_specialty_comorbidity,,,,single_specialty_cooccurrence,,仅用于诊断评估,共现仅提示病例背景或跨专科合并症，不作为治疗因果证据,该诊断不是本专科主要疾病，可用于诊断评估和 MDT 协商背景,
内分泌/代谢,Hyperuricemia without signs of inflammatory arthritis and tophaceous disease,cross_specialty_comorbidity,,,,single_specialty_cooccurrence,,仅用于诊断评估,共现仅提示病例背景或跨专科合并症，不作为治疗因果证据,该诊断不是本专科主要疾病，可用于诊断评估和 MDT 协商背景,
内分泌/代谢,Hypo-osmolality and hyponatremia,primary_specialty_disease,insulin | prednisone | hydrocortisone | calcium carbonate | levothyroxine sodium,insulin | prednisone,acetaminophen | potassium chloride | senna | oxycodone (immediate release) | heparin,single_specialty_cooccurrence,insulin(417) | prednisone(39) | hydrocortisone(28) | calcium carbonate(23) | levothyroxine sodium(21),候选证据充分,单专科住院共现可作为真实世界候选证据，不代表治疗因果或临床指南推荐,已优先保留疾病直接治疗或风险控制药物，支持/通用药物移入低优先级,insulin:disease_directed_therapy | prednisone:disease_directed_therapy | hydrocortisone:disease_directed_therapy | calcium carbonate:disease_directed_therapy | levothyroxine sodium:disease_directed_therapy
内分泌/代谢,Hypocalcemia,cross_specialty_comorbidity,,,,single_specialty_cooccurrence,,仅用于诊断评估,共现仅提示病例背景或跨专科合并症，不作为治疗因果证据,该诊断不是本专科主要疾病，可用于诊断评估和 MDT 协商背景,
内分泌/代谢,"Hypoglycemia, unspecified",cross_specialty_comorbidity,,,,single_specialty_cooccurrence,,仅用于诊断评估,共现仅提示病例背景或跨专科合并症，不作为治疗因果证据,该诊断不是本专科主要疾病，可用于诊断评估和 MDT 协商背景,
内分泌/代谢,Hypokalemia,primary_specialty_disease,insulin | sodium bicarbonate | calcium carbonate | levothyroxine sodium | prednisone,insulin | sodium bicarbonate,potassium chloride | acetaminophen | ondansetron | potassium chloride replacement (critical care and oncology) | magnesium sulfate,single_specialty_cooccurrence,insulin(322) | sodium bicarbonate(166) | calcium carbonate(36) | levothyroxine sodium(27) | prednisone(23),候选证据充分,单专科住院共现可作为真实世界候选证据，不代表治疗因果或临床指南推荐,已优先保留疾病直接治疗或风险控制药物，支持/通用药物移入低优先级,insulin:disease_directed_therapy | sodium bicarbonate:disease_directed_therapy | calcium carbonate:disease_directed_therapy | levothyroxine sodium:disease_directed_therapy | prednisone:disease_directed_therapy
内分泌/代谢,Hypomagnesemia,cross_specialty_comorbidity,,,,single_specialty_cooccurrence,,仅用于诊断评估,共现仅提示病例背景或跨专科合并症，不作为治疗因果证据,该诊断不是本专科主要疾病，可用于诊断评估和 MDT 协商背景,
内分泌/代谢,"Hypoparathyroidism, unspecified",primary_specialty_disease,levothyroxine sodium,levothyroxine sodium,citalopram | calcitriol,single_specialty_cooccurrence,levothyroxine sodium(2),候选证据充分,单专科住院共现可作为真实世界候选证据，不代表治疗因果或临床指南推荐,已优先保留疾病直接治疗或风险控制药物，支持/通用药物移入低优先级,levothyroxine sodium:disease_directed_therapy
内分泌/代谢,Hypopituitarism,primary_specialty_disease,levothyroxine sodium | prednisone | hydrocortisone na succ. | hydrocortisone | methylprednisolone sodium succ,levothyroxine sodium | prednisone,acetaminophen | hydralazine | ondansetron | senna | bisacodyl,single_specialty_cooccurrence,levothyroxine sodium(10) | prednisone(10) | hydrocortisone na succ.(9) | hydrocortisone(7) | methylprednisolone sodium succ(4),候选证据充分,单专科住院共现可作为真实世界候选证据，不代表治疗因果或临床指南推荐,已优先保留疾病直接治疗或风险控制药物，支持/通用药物移入低优先级,levothyroxine sodium:disease_directed_therapy | prednisone:disease_directed_therapy | hydrocortisone na succ.:disease_directed_therapy | hydrocortisone:disease_directed_therapy | methylprednisolone sodium succ:disease_directed_therapy
内分泌/代谢,Hypothyroidism due to medicaments and other exogenous substances,primary_specialty_disease,levothyroxine sodium | atenolol | hydrocortisone cream 2.5% | hydrocortisone cream 1% | hydrocortisone oint 2.5%,levothyroxine sodium | atenolol,clozapine | clonazepam | olanzapine | lorazepam | olanzapine (disintegrating tablet),single_specialty_cooccurrence,levothyroxine sodium(5) | atenolol(4) | hydrocortisone cream 2.5%(4) | hydrocortisone cream 1%(2) | hydrocortisone oint 2.5%(2),候选证据充分,单专科住院共现可作为真实世界候选证据，不代表治疗因果或临床指南推荐,已优先保留疾病直接治疗或风险控制药物，支持/通用药物移入低优先级,levothyroxine sodium:disease_directed_therapy | atenolol:disease_directed_therapy | hydrocortisone cream 2.5%:disease_directed_therapy | hydrocortisone cream 1%:disease_directed_therapy | hydrocortisone oint 2.5%:disease_directed_therapy
内分泌/代谢,"Hypothyroidism, unspecified",primary_specialty_disease,levothyroxine sodium | calcium carbonate | insulin | sodium bicarbonate | prednisone,levothyroxine sodium | calcium carbonate,acetaminophen | docusate sodium | oxycodone (immediate release) | ondansetron | senna,single_specialty_cooccurrence,levothyroxine sodium(1129) | calcium carbonate(442) | insulin(372) | sodium bicarbonate(65) | prednisone(51),候选证据充分,单专科住院共现可作为真实世界候选证据，不代表治疗因果或临床指南推荐,已优先保留疾病直接治疗或风险控制药物，支持/通用药物移入低优先级,levothyroxine sodium:disease_directed_therapy | calcium carbonate:disease_directed_therapy | insulin:disease_directed_therapy | sodium bicarbonate:disease_directed_therapy | prednisone:disease_directed_therapy
内分泌/代谢,Hypovolemia,cross_specialty_comorbidity,,,,single_specialty_cooccurrence,,仅用于诊断评估,共现仅提示病例背景或跨专科合并症，不作为治疗因果证据,该诊断不是本专科主要疾病，可用于诊断评估和 MDT 协商背景,
内分泌/代谢,Iodine-deficiency related diffuse (endemic) goiter,cross_specialty_comorbidity,,,,single_specialty_cooccurrence,,仅用于诊断评估,共现仅提示病例背景或跨专科合并症，不作为治疗因果证据,该诊断不是本专科主要疾病，可用于诊断评估和 MDT 协商背景,
内分泌/代谢,Iron deficiency,cross_specialty_comorbidity,,,,single_specialty_cooccurrence,,仅用于诊断评估,共现仅提示病例背景或跨专科合并症，不作为治疗因果证据,该诊断不是本专科主要疾病，可用于诊断评估和 MDT 协商背景,
内分泌/代谢,Kwashiorkor,cross_specialty_comorbidity,,,,single_specialty_cooccurrence,,仅用于诊断评估,共现仅提示病例背景或跨专科合并症，不作为治疗因果证据,该诊断不是本专科主要疾病，可用于诊断评估和 MDT 协商背景,
内分泌/代谢,"Lactose intolerance, unspecified",cross_specialty_comorbidity,,,,single_specialty_cooccurrence,,仅用于诊断评估,共现仅提示病例背景或跨专科合并症，不作为治疗因果证据,该诊断不是本专科主要疾病，可用于诊断评估和 MDT 协商背景,
内分泌/代谢,Lipoprotein deficiency,cross_specialty_comorbidity,,,,single_specialty_cooccurrence,,仅用于诊断评估,共现仅提示病例背景或跨专科合并症，不作为治疗因果证据,该诊断不是本专科主要疾病，可用于诊断评估和 MDT 协商背景,
内分泌/代谢,Listeriosis,cross_specialty_comorbidity,,,,single_specialty_cooccurrence,,仅用于诊断评估,共现仅提示病例背景或跨专科合并症，不作为治疗因果证据,该诊断不是本专科主要疾病，可用于诊断评估和 MDT 协商背景,
内分泌/代谢,Localized adiposity,cross_specialty_comorbidity,,,,single_specialty_cooccurrence,,仅用于诊断评估,共现仅提示病例背景或跨专科合并症，不作为治疗因果证据,该诊断不是本专科主要疾病，可用于诊断评估和 MDT 协商背景,
内分泌/代谢,McArdle disease,cross_specialty_comorbidity,,,,single_specialty_cooccurrence,,仅用于诊断评估,共现仅提示病例背景或跨专科合并症，不作为治疗因果证据,该诊断不是本专科主要疾病，可用于诊断评估和 MDT 协商背景,
内分泌/代谢,Metabolic syndrome,primary_specialty_disease,propranolol,propranolol,divalproex (delayed release) | haloperidol | lorazepam | olanzapine | acetaminophen,single_specialty_cooccurrence,propranolol(2),候选证据充分,单专科住院共现可作为真实世界候选证据，不代表治疗因果或临床指南推荐,已优先保留疾病直接治疗或风险控制药物，支持/通用药物移入低优先级,propranolol:disease_directed_therapy
内分泌/代谢,Methylenetetrahydrofolate reductase deficiency,cross_specialty_comorbidity,,,,single_specialty_cooccurrence,,仅用于诊断评估,共现仅提示病例背景或跨专科合并症，不作为治疗因果证据,该诊断不是本专科主要疾病，可用于诊断评估和 MDT 协商背景,
内分泌/代谢,Mild protein-calorie malnutrition,primary_specialty_disease,calcium carbonate,calcium carbonate,risperidone | acetaminophen | olanzapine | oxycodone (immediate release) | aspirin,single_specialty_cooccurrence,calcium carbonate(1),候选证据充分,单专科住院共现可作为真实世界候选证据，不代表治疗因果或临床指南推荐,已优先保留疾病直接治疗或风险控制药物，支持/通用药物移入低优先级,calcium carbonate:disease_directed_therapy
内分泌/代谢,Mixed disorder of acid-base balance,cross_specialty_comorbidity,,,,single_specialty_cooccurrence,,仅用于诊断评估,共现仅提示病例背景或跨专科合并症，不作为治疗因果证据,该诊断不是本专科主要疾病，可用于诊断评估和 MDT 协商背景,
内分泌/代谢,Mixed hyperlipidemia,primary_specialty_disease,insulin human regular | levothyroxine sodium | insulin,insulin human regular | levothyroxine sodium,ondansetron | acetaminophen | aspirin | atorvastatin | d5 1/2ns,single_specialty_cooccurrence,insulin human regular(2) | levothyroxine sodium(2) | insulin(1),候选证据充分,单专科住院共现可作为真实世界候选证据，不代表治疗因果或临床指南推荐,已优先保留疾病直接治疗或风险控制药物，支持/通用药物移入低优先级,insulin human regular:disease_directed_therapy | levothyroxine sodium:disease_directed_therapy | insulin:disease_directed_therapy
内分泌/代谢,Moderate protein-calorie malnutrition,primary_specialty_disease,insulin | cholestyramine | calcium carbonate | cyanocobalamin | prednisone,insulin | cholestyramine,acetaminophen | lorazepam | ondansetron | senna | oxycodone (immediate release),single_specialty_cooccurrence,insulin(10) | cholestyramine(3) | calcium carbonate(2) | cyanocobalamin(2) | prednisone(2),候选证据充分,单专科住院共现可作为真实世界候选证据，不代表治疗因果或临床指南推荐,已优先保留疾病直接治疗或风险控制药物，支持/通用药物移入低优先级,insulin:disease_directed_therapy | cholestyramine:disease_directed_therapy | calcium carbonate:disease_directed_therapy | cyanocobalamin:disease_directed_therapy | prednisone:disease_directed_therapy
内分泌/代谢,Morbid (severe) obesity due to excess calories,primary_specialty_disease,insulin | calcium carbonate | levothyroxine sodium | insulin pump (self administering medication) | insulin human regular,insulin | calcium carbonate,acetaminophen | docusate sodium | ondansetron | oxycodone (immediate release) | senna,single_specialty_cooccurrence,insulin(329) | calcium carbonate(82) | levothyroxine sodium(29) | insulin pump (self administering medication)(16) | insulin human regular(7),候选证据充分,单专科住院共现可作为真实世界候选证据，不代表治疗因果或临床指南推荐,已优先保留疾病直接治疗或风险控制药物，支持/通用药物移入低优先级,insulin:disease_directed_therapy | calcium carbonate:disease_directed_therapy | levothyroxine sodium:disease_directed_therapy | insulin pump (self administering medication):disease_directed_therapy | insulin human regular:disease_directed_therapy
内分泌/代谢,"Nontoxic goiter, unspecified",cross_specialty_comorbidity,,,,single_specialty_cooccurrence,,仅用于诊断评估,共现仅提示病例背景或跨专科合并症，不作为治疗因果证据,该诊断不是本专科主要疾病，可用于诊断评估和 MDT 协商背景,
内分泌/代谢,Nontoxic multinodular goiter,cross_specialty_comorbidity,,,,single_specialty_cooccurrence,,仅用于诊断评估,共现仅提示病例背景或跨专科合并症，不作为治疗因果证据,该诊断不是本专科主要疾病，可用于诊断评估和 MDT 协商背景,
内分泌/代谢,Nontoxic single thyroid nodule,primary_specialty_disease,insulin | calcium carbonate | prednisone | levothyroxine sodium | cyanocobalamin,insulin | calcium carbonate,acetaminophen | docusate sodium | heparin | oxycodone (immediate release) | senna,single_specialty_cooccurrence,insulin(111) | calcium carbonate(23) | prednisone(8) | levothyroxine sodium(5) | cyanocobalamin(1),候选证据充分,单专科住院共现可作为真实世界候选证据，不代表治疗因果或临床指南推荐,已优先保留疾病直接治疗或风险控制药物，支持/通用药物移入低优先级,insulin:disease_directed_therapy | calcium carbonate:disease_directed_therapy | prednisone:disease_directed_therapy | levothyroxine sodium:disease_directed_therapy | cyanocobalamin:disease_directed_therapy
内分泌/代谢,"Nutritional deficiency, unspecified",primary_specialty_disease,hydrocortisone | calcium carbonate | cyanocobalamin,hydrocortisone | calcium carbonate,olanzapine | magnesium oxide | acetylcysteine (iv) | docusate sodium | lorazepam,single_specialty_cooccurrence,hydrocortisone(2) | calcium carbonate(1) | cyanocobalamin(1),候选证据充分,单专科住院共现可作为真实世界候选证据，不代表治疗因果或临床指南推荐,已优先保留疾病直接治疗或风险控制药物，支持/通用药物移入低优先级,hydrocortisone:disease_directed_therapy | calcium carbonate:disease_directed_therapy | cyanocobalamin:disease_directed_therapy
内分泌/代谢,Nutritional marasmus,primary_specialty_disease,insulin | calcium carbonate | prednisone | levothyroxine sodium | sodium bicarbonate,insulin | calcium carbonate,potassium chloride | magnesium sulfate | hydromorphone (dilaudid) | lorazepam | heparin,single_specialty_cooccurrence,insulin(912) | calcium carbonate(123) | prednisone(119) | levothyroxine sodium(107) | sodium bicarbonate(69),候选证据充分,单专科住院共现可作为真实世界候选证据，不代表治疗因果或临床指南推荐,已优先保留疾病直接治疗或风险控制药物，支持/通用药物移入低优先级,insulin:disease_directed_therapy | calcium carbonate:disease_directed_therapy | prednisone:disease_directed_therapy | levothyroxine sodium:disease_directed_therapy | sodium bicarbonate:disease_directed_therapy
内分泌/代谢,"Obesity, unspecified",primary_specialty_disease,insulin | calcium carbonate | levothyroxine sodium | prednisone | hydrocortisone na succ.,insulin | calcium carbonate,acetaminophen | docusate sodium | oxycodone (immediate release) | bisacodyl | senna,single_specialty_cooccurrence,insulin(566) | calcium carbonate(414) | levothyroxine sodium(95) | prednisone(25) | hydrocortisone na succ.(16),候选证据充分,单专科住院共现可作为真实世界候选证据，不代表治疗因果或临床指南推荐,已优先保留疾病直接治疗或风险控制药物，支持/通用药物移入低优先级,insulin:disease_directed_therapy | calcium carbonate:disease_directed_therapy | levothyroxine sodium:disease_directed_therapy | prednisone:disease_directed_therapy | hydrocortisone na succ.:disease_directed_therapy
内分泌/代谢,"Ocular albinism, unspecified",cross_specialty_comorbidity,,,,single_specialty_cooccurrence,,仅用于诊断评估,共现仅提示病例背景或跨专科合并症，不作为治疗因果证据,该诊断不是本专科主要疾病，可用于诊断评估和 MDT 协商背景,
内分泌/代谢,Other Cushing's syndrome,cross_specialty_comorbidity,,,,single_specialty_cooccurrence,,仅用于诊断评估,共现仅提示病例背景或跨专科合并症，不作为治疗因果证据,该诊断不是本专科主要疾病，可用于诊断评估和 MDT 协商背景,
内分泌/代谢,Other adrenocortical insufficiency,cross_specialty_comorbidity,,,,single_specialty_cooccurrence,,仅用于诊断评估,共现仅提示病例背景或跨专科合并症，不作为治疗因果证据,该诊断不是本专科主要疾病，可用于诊断评估和 MDT 协商背景,
内分泌/代谢,Other chronic thyroiditis,primary_specialty_disease,levothyroxine sodium,levothyroxine sodium,acetaminophen | d5 1/2ns | heparin | influenza vaccine quadrivalent | oxycodone (immediate release),single_specialty_cooccurrence,levothyroxine sodium(1),候选证据充分,单专科住院共现可作为真实世界候选证据，不代表治疗因果或临床指南推荐,已优先保留疾病直接治疗或风险控制药物，支持/通用药物移入低优先级,levothyroxine sodium:disease_directed_therapy
内分泌/代谢,Other diseases of thymus,cross_specialty_comorbidity,,,,single_specialty_cooccurrence,,仅用于诊断评估,共现仅提示病例背景或跨专科合并症，不作为治疗因果证据,该诊断不是本专科主要疾病，可用于诊断评估和 MDT 协商背景,
内分泌/代谢,Other disorders of amino-acid transport,cross_specialty_comorbidity,,,,single_specialty_cooccurrence,,仅用于诊断评估,共现仅提示病例背景或跨专科合并症，不作为治疗因果证据,该诊断不是本专科主要疾病，可用于诊断评估和 MDT 协商背景,
内分泌/代谢,Other disorders of bilirubin metabolism,primary_specialty_disease,sodium bicarbonate | prednisone | methylprednisolone sodium succ | levothyroxine sodium,sodium bicarbonate | prednisone,potassium chloride | acetaminophen | potassium chloride replacement (critical care and oncology) | sterile water | ondansetron,single_specialty_cooccurrence,sodium bicarbonate(8) | prednisone(3) | methylprednisolone sodium succ(2) | levothyroxine sodium(1),候选证据充分,单专科住院共现可作为真实世界候选证据，不代表治疗因果或临床指南推荐,已优先保留疾病直接治疗或风险控制药物，支持/通用药物移入低优先级,sodium bicarbonate:disease_directed_therapy | prednisone:disease_directed_therapy | methylprednisolone sodium succ:disease_directed_therapy | levothyroxine sodium:disease_directed_therapy
内分泌/代谢,"Other disorders of electrolyte and fluid balance, not elsewhere classified",cross_specialty_comorbidity,,,,single_specialty_cooccurrence,,仅用于诊断评估,共现仅提示病例背景或跨专科合并症，不作为治疗因果证据,该诊断不是本专科主要疾病，可用于诊断评估和 MDT 协商背景,
内分泌/代谢,Other disorders of glycine metabolism,primary_specialty_disease,sodium bicarbonate,sodium bicarbonate,potassium chloride | sterile water | tramadol | leucovorin calcium | ondansetron,single_specialty_cooccurrence,sodium bicarbonate(7),候选证据充分,单专科住院共现可作为真实世界候选证据，不代表治疗因果或临床指南推荐,已优先保留疾病直接治疗或风险控制药物，支持/通用药物移入低优先级,sodium bicarbonate:disease_directed_therapy
内分泌/代谢,Other disorders of intestinal carbohydrate absorption,cross_specialty_comorbidity,,,,single_specialty_cooccurrence,,仅用于诊断评估,共现仅提示病例背景或跨专科合并症，不作为治疗因果证据,该诊断不是本专科主要疾病，可用于诊断评估和 MDT 协商背景,
内分泌/代谢,Other disorders of phosphorus metabolism,primary_specialty_disease,insulin | sodium bicarbonate | calcium carbonate | prednisone | insulin human regular,insulin | sodium bicarbonate,potassium chloride | acetaminophen | potassium chloride replacement (critical care and oncology) | ondansetron | magnesium sulfate,single_specialty_cooccurrence,insulin(375) | sodium bicarbonate(123) | calcium carbonate(43) | prednisone(36) | insulin human regular(16),候选证据充分,单专科住院共现可作为真实世界候选证据，不代表治疗因果或临床指南推荐,已优先保留疾病直接治疗或风险控制药物，支持/通用药物移入低优先级,insulin:disease_directed_therapy | sodium bicarbonate:disease_directed_therapy | calcium carbonate:disease_directed_therapy | prednisone:disease_directed_therapy | insulin human regular:disease_directed_therapy
内分泌/代谢,Other disorders of pituitary gland,primary_specialty_disease,calcium carbonate | hydrocortisone (rectal) 2.5% cream,calcium carbonate | hydrocortisone (rectal) 2.5% cream,paliperidone er | acetaminophen | risperidone | docusate sodium | heparin,single_specialty_cooccurrence,calcium carbonate(2) | hydrocortisone (rectal) 2.5% cream(1),候选证据充分,单专科住院共现可作为真实世界候选证据，不代表治疗因果或临床指南推荐,已优先保留疾病直接治疗或风险控制药物，支持/通用药物移入低优先级,calcium carbonate:disease_directed_therapy | hydrocortisone (rectal) 2.5% cream:disease_directed_therapy
内分泌/代谢,"Other disorders of plasma-protein metabolism, not elsewhere classified",primary_specialty_disease,insulin | levothyroxine sodium | prednisone | calcium carbonate | methylprednisolone sodium succ,insulin | levothyroxine sodium,acetaminophen | vancomycin | magnesium sulfate | senna | hydromorphone (dilaudid),single_specialty_cooccurrence,insulin(20) | levothyroxine sodium(4) | prednisone(3) | calcium carbonate(2) | methylprednisolone sodium succ(2),候选证据充分,单专科住院共现可作为真实世界候选证据，不代表治疗因果或临床指南推荐,已优先保留疾病直接治疗或风险控制药物，支持/通用药物移入低优先级,insulin:disease_directed_therapy | levothyroxine sodium:disease_directed_therapy | prednisone:disease_directed_therapy | calcium carbonate:disease_directed_therapy | methylprednisolone sodium succ:disease_directed_therapy
内分泌/代谢,Other fluid overload,cross_specialty_comorbidity,,,,single_specialty_cooccurrence,,仅用于诊断评估,共现仅提示病例背景或跨专科合并症，不作为治疗因果证据,该诊断不是本专科主要疾病，可用于诊断评估和 MDT 协商背景,
内分泌/代谢,Other hyperlipidemia,primary_specialty_disease,,,acetaminophen | senna | ondansetron | docusate sodium | heparin,single_specialty_cooccurrence,,仅保留低优先级方案,单专科住院共现可作为真实世界候选证据，不代表治疗因果或临床指南推荐,当前未识别到明确核心治疗药，仅保留低优先级方案供参考,
内分泌/代谢,Other hyperparathyroidism,primary_specialty_disease,levothyroxine sodium | propranolol,levothyroxine sodium | propranolol,acetaminophen | hydroxyzine | diphenhydramine | escitalopram oxalate,single_specialty_cooccurrence,levothyroxine sodium(2) | propranolol(2),候选证据充分,单专科住院共现可作为真实世界候选证据，不代表治疗因果或临床指南推荐,已优先保留疾病直接治疗或风险控制药物，支持/通用药物移入低优先级,levothyroxine sodium:disease_directed_therapy | propranolol:disease_directed_therapy
内分泌/代谢,Other hyperphenylalaninemias,cross_specialty_comorbidity,,,,single_specialty_cooccurrence,,仅用于诊断评估,共现仅提示病例背景或跨专科合并症，不作为治疗因果证据,该诊断不是本专科主要疾病，可用于诊断评估和 MDT 协商背景,
内分泌/代谢,Other hypoglycemia,cross_specialty_comorbidity,,,,single_specialty_cooccurrence,,仅用于诊断评估,共现仅提示病例背景或跨专科合并症，不作为治疗因果证据,该诊断不是本专科主要疾病，可用于诊断评估和 MDT 协商背景,
内分泌/代谢,Other obesity,primary_specialty_disease,,,docusate sodium | oxycodone (immediate release) | senna | acetaminophen | cefazolin,single_specialty_cooccurrence,,仅保留低优先级方案,单专科住院共现可作为真实世界候选证据，不代表治疗因果或临床指南推荐,当前未识别到明确核心治疗药，仅保留低优先级方案供参考,
内分泌/代谢,Other obesity due to excess calories,primary_specialty_disease,insulin,insulin,oxycodone (immediate release) | hydromorphone | diphenhydramine | acetaminophen | docusate sodium,single_specialty_cooccurrence,insulin(27),候选证据充分,单专科住院共现可作为真实世界候选证据，不代表治疗因果或临床指南推荐,已优先保留疾病直接治疗或风险控制药物，支持/通用药物移入低优先级,insulin:disease_directed_therapy
内分泌/代谢,Other porphyria,primary_specialty_disease,insulin,insulin,acetaminophen | clobetasol propionate 0.05% cream | dextrose 50% | gabapentin | glucagon,single_specialty_cooccurrence,insulin(2),候选证据充分,单专科住院共现可作为真实世界候选证据，不代表治疗因果或临床指南推荐,已优先保留疾病直接治疗或风险控制药物，支持/通用药物移入低优先级,insulin:disease_directed_therapy
内分泌/代谢,Other postprocedural endocrine and metabolic complications and disorders,specialty_related_condition,,,,single_specialty_cooccurrence,,仅用于诊断评估,共现仅提示病例背景或跨专科合并症，不作为治疗因果证据,该诊断不是本专科主要疾病，可用于诊断评估和 MDT 协商背景,
内分泌/代谢,Other severe protein-calorie malnutrition,primary_specialty_disease,insulin | prednisone | calcium carbonate | methylprednisolone sodium succ | levothyroxine sodium,insulin | prednisone,potassium chloride | lorazepam | magnesium sulfate | hydromorphone (dilaudid) | heparin,single_specialty_cooccurrence,insulin(406) | prednisone(86) | calcium carbonate(84) | methylprednisolone sodium succ(48) | levothyroxine sodium(46),候选证据充分,单专科住院共现可作为真实世界候选证据，不代表治疗因果或临床指南推荐,已优先保留疾病直接治疗或风险控制药物，支持/通用药物移入低优先级,insulin:disease_directed_therapy | prednisone:disease_directed_therapy | calcium carbonate:disease_directed_therapy | methylprednisolone sodium succ:disease_directed_therapy | levothyroxine sodium:disease_directed_therapy
内分泌/代谢,Other specified diabetes mellitus with hyperglycemia,primary_specialty_disease,insulin | insulin human regular | calcium carbonate,insulin | insulin human regular,heparin | bisacodyl | creon 12 | senna | acetaminophen,single_specialty_cooccurrence,insulin(30) | insulin human regular(4) | calcium carbonate(1),候选证据充分,单专科住院共现可作为真实世界候选证据，不代表治疗因果或临床指南推荐,已优先保留疾病直接治疗或风险控制药物，支持/通用药物移入低优先级,insulin:disease_directed_therapy | insulin human regular:disease_directed_therapy | calcium carbonate:disease_directed_therapy
内分泌/代谢,Other specified diabetes mellitus with hypoglycemia without coma,primary_specialty_disease,insulin | insulin human regular | calcium carbonate,insulin | insulin human regular,heparin | bisacodyl | creon 12 | senna | acetaminophen,single_specialty_cooccurrence,insulin(30) | insulin human regular(4) | calcium carbonate(1),候选证据充分,单专科住院共现可作为真实世界候选证据，不代表治疗因果或临床指南推荐,已优先保留疾病直接治疗或风险控制药物，支持/通用药物移入低优先级,insulin:disease_directed_therapy | insulin human regular:disease_directed_therapy | calcium carbonate:disease_directed_therapy
内分泌/代谢,Other specified diabetes mellitus with ketoacidosis without coma,primary_specialty_disease,insulin | insulin human regular | calcium carbonate,insulin | insulin human regular,potassium chloride | potassium chloride replacement (critical care and oncology) | acetaminophen | d5 1/2ns | dextrose 50%,single_specialty_cooccurrence,insulin(22) | insulin human regular(5) | calcium carbonate(1),候选证据充分,单专科住院共现可作为真实世界候选证据，不代表治疗因果或临床指南推荐,已优先保留疾病直接治疗或风险控制药物，支持/通用药物移入低优先级,insulin:disease_directed_therapy | insulin human regular:disease_directed_therapy | calcium carbonate:disease_directed_therapy
内分泌/代谢,Other specified diabetes mellitus without complications,specialty_related_condition,,,,single_specialty_cooccurrence,,仅用于诊断评估,共现仅提示病例背景或跨专科合并症，不作为治疗因果证据,该诊断不是本专科主要疾病，可用于诊断评估和 MDT 协商背景,
内分泌/代谢,Other specified disorders of adrenal gland,primary_specialty_disease,insulin,insulin,acetaminophen | heparin | docusate sodium | lorazepam | polyethylene glycol,single_specialty_cooccurrence,insulin(1),候选证据充分,单专科住院共现可作为真实世界候选证据，不代表治疗因果或临床指南推荐,已优先保留疾病直接治疗或风险控制药物，支持/通用药物移入低优先级,insulin:disease_directed_therapy
内分泌/代谢,Other specified disorders of thyroid,primary_specialty_disease,calcium carbonate | methimazole,calcium carbonate | methimazole,acetaminophen | docusate sodium | propylthiouracil | ibuprofen | influenza vaccine quadrivalent,single_specialty_cooccurrence,calcium carbonate(2) | methimazole(1),候选证据充分,单专科住院共现可作为真实世界候选证据，不代表治疗因果或临床指南推荐,已优先保留疾病直接治疗或风险控制药物，支持/通用药物移入低优先级,calcium carbonate:disease_directed_therapy | methimazole:disease_directed_therapy
内分泌/代谢,Other specified hypothyroidism,primary_specialty_disease,insulin | levothyroxine sodium | calcium carbonate | hydrocortisone | sodium bicarbonate,insulin | levothyroxine sodium,acetaminophen | docusate sodium | senna | ondansetron | ibuprofen,single_specialty_cooccurrence,insulin(217) | levothyroxine sodium(37) | calcium carbonate(16) | hydrocortisone(15) | sodium bicarbonate(10),候选证据充分,单专科住院共现可作为真实世界候选证据，不代表治疗因果或临床指南推荐,已优先保留疾病直接治疗或风险控制药物，支持/通用药物移入低优先级,insulin:disease_directed_therapy | levothyroxine sodium:disease_directed_therapy | calcium carbonate:disease_directed_therapy | hydrocortisone:disease_directed_therapy | sodium bicarbonate:disease_directed_therapy
内分泌/代谢,Other specified metabolic disorders,primary_specialty_disease,,,potassium chloride | ondansetron | acetaminophen | heparin | senna,single_specialty_cooccurrence,,仅保留低优先级方案,单专科住院共现可作为真实世界候选证据，不代表治疗因果或临床指南推荐,当前未识别到明确核心治疗药，仅保留低优先级方案供参考,
内分泌/代谢,Other thyrotoxicosis without thyrotoxic crisis or storm,cross_specialty_comorbidity,,,,single_specialty_cooccurrence,,仅用于诊断评估,共现仅提示病例背景或跨专科合并症，不作为治疗因果证据,该诊断不是本专科主要疾病，可用于诊断评估和 MDT 协商背景,
内分泌/代谢,Overweight,cross_specialty_comorbidity,,,,single_specialty_cooccurrence,,仅用于诊断评估,共现仅提示病例背景或跨专科合并症，不作为治疗因果证据,该诊断不是本专科主要疾病，可用于诊断评估和 MDT 协商背景,
内分泌/代谢,Pasteurellosis,cross_specialty_comorbidity,,,,single_specialty_cooccurrence,,仅用于诊断评估,共现仅提示病例背景或跨专科合并症，不作为治疗因果证据,该诊断不是本专科主要疾病，可用于诊断评估和 MDT 协商背景,
内分泌/代谢,Persistent hyperplasia of thymus,cross_specialty_comorbidity,,,,single_specialty_cooccurrence,,仅用于诊断评估,共现仅提示病例背景或跨专科合并症，不作为治疗因果证据,该诊断不是本专科主要疾病，可用于诊断评估和 MDT 协商背景,
内分泌/代谢,Polycystic ovarian syndrome,cross_specialty_comorbidity,,,,single_specialty_cooccurrence,,仅用于诊断评估,共现仅提示病例背景或跨专科合并症，不作为治疗因果证据,该诊断不是本专科主要疾病，可用于诊断评估和 MDT 协商背景,
内分泌/代谢,Postinfectious hypothyroidism,primary_specialty_disease,calcium carbonate | levothyroxine sodium,calcium carbonate | levothyroxine sodium,acetaminophen | dermoplast spray | docusate sodium | enoxaparin sodium | ibuprofen,single_specialty_cooccurrence,calcium carbonate(1) | levothyroxine sodium(1),候选证据充分,单专科住院共现可作为真实世界候选证据，不代表治疗因果或临床指南推荐,已优先保留疾病直接治疗或风险控制药物，支持/通用药物移入低优先级,calcium carbonate:disease_directed_therapy | levothyroxine sodium:disease_directed_therapy
内分泌/代谢,Postprocedural adrenocortical (-medullary) hypofunction,specialty_related_condition,,,,single_specialty_cooccurrence,,仅用于诊断评估,共现仅提示病例背景或跨专科合并症，不作为治疗因果证据,该诊断不是本专科主要疾病，可用于诊断评估和 MDT 协商背景,
内分泌/代谢,Postprocedural hematoma of an endocrine system organ or structure following an endocrine system procedure,specialty_related_condition,,,,single_specialty_cooccurrence,,仅用于诊断评估,共现仅提示病例背景或跨专科合并症，不作为治疗因果证据,该诊断不是本专科主要疾病，可用于诊断评估和 MDT 协商背景,
内分泌/代谢,Postprocedural hypoinsulinemia,specialty_related_condition,,,,single_specialty_cooccurrence,,仅用于诊断评估,共现仅提示病例背景或跨专科合并症，不作为治疗因果证据,该诊断不是本专科主要疾病，可用于诊断评估和 MDT 协商背景,
内分泌/代谢,Postprocedural hypoparathyroidism,specialty_related_condition,,,,single_specialty_cooccurrence,,仅用于诊断评估,共现仅提示病例背景或跨专科合并症，不作为治疗因果证据,该诊断不是本专科主要疾病，可用于诊断评估和 MDT 协商背景,
内分泌/代谢,Postprocedural hypopituitarism,specialty_related_condition,,,,single_specialty_cooccurrence,,仅用于诊断评估,共现仅提示病例背景或跨专科合并症，不作为治疗因果证据,该诊断不是本专科主要疾病，可用于诊断评估和 MDT 协商背景,
内分泌/代谢,Postprocedural hypothyroidism,specialty_related_condition,,,,single_specialty_cooccurrence,,仅用于诊断评估,共现仅提示病例背景或跨专科合并症，不作为治疗因果证据,该诊断不是本专科主要疾病，可用于诊断评估和 MDT 协商背景,
内分泌/代谢,Primary adrenocortical insufficiency,cross_specialty_comorbidity,,,,single_specialty_cooccurrence,,仅用于诊断评估,共现仅提示病例背景或跨专科合并症，不作为治疗因果证据,该诊断不是本专科主要疾病，可用于诊断评估和 MDT 协商背景,
内分泌/代谢,Primary hyperparathyroidism,primary_specialty_disease,calcium carbonate | insulin,calcium carbonate | insulin,acetaminophen | oxycodone (immediate release) | ondansetron | ibuprofen | heparin,single_specialty_cooccurrence,calcium carbonate(6) | insulin(1),候选证据充分,单专科住院共现可作为真实世界候选证据，不代表治疗因果或临床指南推荐,已优先保留疾病直接治疗或风险控制药物，支持/通用药物移入低优先级,calcium carbonate:disease_directed_therapy | insulin:disease_directed_therapy
内分泌/代谢,Pseudohypoparathyroidism,primary_specialty_disease,calcium carbonate,calcium carbonate,calcium gluconate | acetaminophen | calcitriol | heparin | magnesium sulfate,single_specialty_cooccurrence,calcium carbonate(1),候选证据充分,单专科住院共现可作为真实世界候选证据，不代表治疗因果或临床指南推荐,已优先保留疾病直接治疗或风险控制药物，支持/通用药物移入低优先级,calcium carbonate:disease_directed_therapy
内分泌/代谢,Pure hypercholesterolemia,primary_specialty_disease,sodium bicarbonate | insulin | calcium carbonate | levothyroxine sodium | atenolol,sodium bicarbonate | insulin,acetaminophen | potassium chloride | docusate sodium | ondansetron | oxycodone (immediate release),single_specialty_cooccurrence,sodium bicarbonate(6) | insulin(4) | calcium carbonate(3) | levothyroxine sodium(2) | atenolol(1),候选证据充分,单专科住院共现可作为真实世界候选证据，不代表治疗因果或临床指南推荐,已优先保留疾病直接治疗或风险控制药物，支持/通用药物移入低优先级,sodium bicarbonate:disease_directed_therapy | insulin:disease_directed_therapy | calcium carbonate:disease_directed_therapy | levothyroxine sodium:disease_directed_therapy | atenolol:disease_directed_therapy
内分泌/代谢,"Pure hypercholesterolemia, unspecified",primary_specialty_disease,insulin | sodium bicarbonate | levothyroxine sodium | calcium carbonate | hydrocortisone na succ.,insulin | sodium bicarbonate,acetaminophen | oxycodone (immediate release) | senna | docusate sodium | ondansetron,single_specialty_cooccurrence,insulin(112) | sodium bicarbonate(27) | levothyroxine sodium(14) | calcium carbonate(10) | hydrocortisone na succ.(6),候选证据充分,单专科住院共现可作为真实世界候选证据，不代表治疗因果或临床指南推荐,已优先保留疾病直接治疗或风险控制药物，支持/通用药物移入低优先级,insulin:disease_directed_therapy | sodium bicarbonate:disease_directed_therapy | levothyroxine sodium:disease_directed_therapy | calcium carbonate:disease_directed_therapy | hydrocortisone na succ.:disease_directed_therapy
内分泌/代谢,Pure hyperglyceridemia,cross_specialty_comorbidity,,,,single_specialty_cooccurrence,,仅用于诊断评估,共现仅提示病例背景或跨专科合并症，不作为治疗因果证据,该诊断不是本专科主要疾病，可用于诊断评估和 MDT 协商背景,
内分泌/代谢,"Secondary hyperparathyroidism, not elsewhere classified",primary_specialty_disease,calcium carbonate | levothyroxine sodium,calcium carbonate | levothyroxine sodium,calcitriol | calcium gluconate | lorazepam | hydrochlorothiazide | acetaminophen,single_specialty_cooccurrence,calcium carbonate(6) | levothyroxine sodium(2),候选证据充分,单专科住院共现可作为真实世界候选证据，不代表治疗因果或临床指南推荐,已优先保留疾病直接治疗或风险控制药物，支持/通用药物移入低优先级,calcium carbonate:disease_directed_therapy | levothyroxine sodium:disease_directed_therapy
内分泌/代谢,Short stature due to endocrine disorder,cross_specialty_comorbidity,,,,single_specialty_cooccurrence,,仅用于诊断评估,共现仅提示病例背景或跨专科合并症，不作为治疗因果证据,该诊断不是本专科主要疾病，可用于诊断评估和 MDT 协商背景,
内分泌/代谢,Subacute thyroiditis,primary_specialty_disease,propranolol | prednisone,propranolol | prednisone,prochlorperazine | acetaminophen | heparin | hydromorphone (dilaudid) | ibuprofen,single_specialty_cooccurrence,propranolol(5) | prednisone(1),候选证据充分,单专科住院共现可作为真实世界候选证据，不代表治疗因果或临床指南推荐,已优先保留疾病直接治疗或风险控制药物，支持/通用药物移入低优先级,propranolol:disease_directed_therapy | prednisone:disease_directed_therapy
内分泌/代谢,Subclinical iodine-deficiency hypothyroidism,primary_specialty_disease,calcium carbonate | levothyroxine sodium | hydrocortisone cream 1%,calcium carbonate | levothyroxine sodium,acetaminophen | docusate sodium | ibuprofen | simethicone | ketorolac,single_specialty_cooccurrence,calcium carbonate(9) | levothyroxine sodium(7) | hydrocortisone cream 1%(1),候选证据充分,单专科住院共现可作为真实世界候选证据，不代表治疗因果或临床指南推荐,已优先保留疾病直接治疗或风险控制药物，支持/通用药物移入低优先级,calcium carbonate:disease_directed_therapy | levothyroxine sodium:disease_directed_therapy | hydrocortisone cream 1%:disease_directed_therapy
内分泌/代谢,Syndrome of inappropriate secretion of antidiuretic hormone,cross_specialty_comorbidity,,,,single_specialty_cooccurrence,,仅用于诊断评估,共现仅提示病例背景或跨专科合并症，不作为治疗因果证据,该诊断不是本专科主要疾病，可用于诊断评估和 MDT 协商背景,
内分泌/代谢,Testicular hypofunction,cross_specialty_comorbidity,,,,single_specialty_cooccurrence,,仅用于诊断评估,共现仅提示病例背景或跨专科合并症，不作为治疗因果证据,该诊断不是本专科主要疾病，可用于诊断评估和 MDT 协商背景,
内分泌/代谢,"Thyroiditis, unspecified",primary_specialty_disease,insulin | calcium carbonate | cyanocobalamin | insulin human regular | levothyroxine sodium,insulin | calcium carbonate,potassium chloride | acetaminophen | 0.45% sodium chloride | heparin | potassium chl 40 meq / 1000 ml d5 1/2 ns,single_specialty_cooccurrence,insulin(32) | calcium carbonate(1) | cyanocobalamin(1) | insulin human regular(1) | levothyroxine sodium(1),候选证据充分,单专科住院共现可作为真实世界候选证据，不代表治疗因果或临床指南推荐,已优先保留疾病直接治疗或风险控制药物，支持/通用药物移入低优先级,insulin:disease_directed_therapy | calcium carbonate:disease_directed_therapy | cyanocobalamin:disease_directed_therapy | insulin human regular:disease_directed_therapy | levothyroxine sodium:disease_directed_therapy
内分泌/代谢,Thyrotoxicosis with diffuse goiter without thyrotoxic crisis or storm,cross_specialty_comorbidity,,,,single_specialty_cooccurrence,,仅用于诊断评估,共现仅提示病例背景或跨专科合并症，不作为治疗因果证据,该诊断不是本专科主要疾病，可用于诊断评估和 MDT 协商背景,
内分泌/代谢,Thyrotoxicosis with toxic multinodular goiter without thyrotoxic crisis or storm,cross_specialty_comorbidity,,,,single_specialty_cooccurrence,,仅用于诊断评估,共现仅提示病例背景或跨专科合并症，不作为治疗因果证据,该诊断不是本专科主要疾病，可用于诊断评估和 MDT 协商背景,
内分泌/代谢,Thyrotoxicosis with toxic single thyroid nodule without thyrotoxic crisis or storm,primary_specialty_disease,atenolol | methimazole,atenolol | methimazole,acetaminophen | influenza vaccine quadrivalent,single_specialty_cooccurrence,atenolol(1) | methimazole(1),候选证据充分,单专科住院共现可作为真实世界候选证据，不代表治疗因果或临床指南推荐,已优先保留疾病直接治疗或风险控制药物，支持/通用药物移入低优先级,atenolol:disease_directed_therapy | methimazole:disease_directed_therapy
内分泌/代谢,"Thyrotoxicosis, unspecified without thyrotoxic crisis or storm",cross_specialty_comorbidity,,,,single_specialty_cooccurrence,,仅用于诊断评估,共现仅提示病例背景或跨专科合并症，不作为治疗因果证据,该诊断不是本专科主要疾病，可用于诊断评估和 MDT 协商背景,
内分泌/代谢,Tumor lysis syndrome,cross_specialty_comorbidity,,,,single_specialty_cooccurrence,,仅用于诊断评估,共现仅提示病例背景或跨专科合并症，不作为治疗因果证据,该诊断不是本专科主要疾病，可用于诊断评估和 MDT 协商背景,
内分泌/代谢,Type 1 diabetes mellitus with diabetic autonomic (poly)neuropathy,primary_specialty_disease,insulin,insulin,potassium chloride | lorazepam | metoclopramide | famotidine | acetaminophen,single_specialty_cooccurrence,insulin(12),候选证据充分,单专科住院共现可作为真实世界候选证据，不代表治疗因果或临床指南推荐,已优先保留疾病直接治疗或风险控制药物，支持/通用药物移入低优先级,insulin:disease_directed_therapy
内分泌/代谢,Type 1 diabetes mellitus with diabetic cataract,primary_specialty_disease,insulin pump (self administering medication) | calcium carbonate | insulin human regular,insulin pump (self administering medication) | calcium carbonate,ketorolac | naloxone | acetaminophen | bisacodyl | dextrose 50%,single_specialty_cooccurrence,insulin pump (self administering medication)(3) | calcium carbonate(1) | insulin human regular(1),候选证据充分,单专科住院共现可作为真实世界候选证据，不代表治疗因果或临床指南推荐,已优先保留疾病直接治疗或风险控制药物，支持/通用药物移入低优先级,insulin pump (self administering medication):disease_directed_therapy | calcium carbonate:disease_directed_therapy | insulin human regular:disease_directed_therapy
内分泌/代谢,Type 1 diabetes mellitus with diabetic nephropathy,primary_specialty_disease,insulin pump (self administering medication) | hydrocortisone | hydrocortisone na succ. | insulin | levothyroxine sodium,insulin pump (self administering medication) | hydrocortisone,acetaminophen | docusate sodium | oxycodone (immediate release) | bisacodyl | cefazolin,single_specialty_cooccurrence,insulin pump (self administering medication)(5) | hydrocortisone(3) | hydrocortisone na succ.(3) | insulin(3) | levothyroxine sodium(2),候选证据充分,单专科住院共现可作为真实世界候选证据，不代表治疗因果或临床指南推荐,已优先保留疾病直接治疗或风险控制药物，支持/通用药物移入低优先级,insulin pump (self administering medication):disease_directed_therapy | hydrocortisone:disease_directed_therapy | hydrocortisone na succ.:disease_directed_therapy | insulin:disease_directed_therapy | levothyroxine sodium:disease_directed_therapy
内分泌/代谢,Type 1 diabetes mellitus with diabetic neuropathic arthropathy,primary_specialty_disease,insulin | calcium carbonate | insulin pump (self administering medication) | levothyroxine sodium,insulin | calcium carbonate,acetaminophen | hydromorphone (dilaudid) | oxycodone (immediate release) | dextrose 50% | docusate sodium,single_specialty_cooccurrence,insulin(83) | calcium carbonate(2) | insulin pump (self administering medication)(2) | levothyroxine sodium(1),候选证据充分,单专科住院共现可作为真实世界候选证据，不代表治疗因果或临床指南推荐,已优先保留疾病直接治疗或风险控制药物，支持/通用药物移入低优先级,insulin:disease_directed_therapy | calcium carbonate:disease_directed_therapy | insulin pump (self administering medication):disease_directed_therapy | levothyroxine sodium:disease_directed_therapy
内分泌/代谢,"Type 1 diabetes mellitus with diabetic neuropathy, unspecified",primary_specialty_disease,insulin | insulin pump (self administering medication) | insulin human regular | levothyroxine sodium | calcium carbonate,insulin | insulin pump (self administering medication),acetaminophen | glucagon | glucose gel | potassium chloride replacement (critical care and oncology) | dextrose 50%,single_specialty_cooccurrence,insulin(352) | insulin pump (self administering medication)(9) | insulin human regular(8) | levothyroxine sodium(8) | calcium carbonate(7),候选证据充分,单专科住院共现可作为真实世界候选证据，不代表治疗因果或临床指南推荐,已优先保留疾病直接治疗或风险控制药物，支持/通用药物移入低优先级,insulin:disease_directed_therapy | insulin pump (self administering medication):disease_directed_therapy | insulin human regular:disease_directed_therapy | levothyroxine sodium:disease_directed_therapy | calcium carbonate:disease_directed_therapy
内分泌/代谢,Type 1 diabetes mellitus with diabetic peripheral angiopathy with gangrene,primary_specialty_disease,insulin,insulin,acetaminophen | oxycodone (immediate release) | ampicillin-sulbactam | dakins 1/4 strength | dextrose 50%,single_specialty_cooccurrence,insulin(4),候选证据充分,单专科住院共现可作为真实世界候选证据，不代表治疗因果或临床指南推荐,已优先保留疾病直接治疗或风险控制药物，支持/通用药物移入低优先级,insulin:disease_directed_therapy
内分泌/代谢,Type 1 diabetes mellitus with diabetic peripheral angiopathy without gangrene,primary_specialty_disease,insulin | calcium carbonate | insulin human regular | levothyroxine sodium | prednisone,insulin | calcium carbonate,0.45% sodium chloride | bisacodyl | d5 1/2ns | glucagon | glucose gel,single_specialty_cooccurrence,insulin(62) | calcium carbonate(2) | insulin human regular(2) | levothyroxine sodium(1) | prednisone(1),候选证据充分,单专科住院共现可作为真实世界候选证据，不代表治疗因果或临床指南推荐,已优先保留疾病直接治疗或风险控制药物，支持/通用药物移入低优先级,insulin:disease_directed_therapy | calcium carbonate:disease_directed_therapy | insulin human regular:disease_directed_therapy | levothyroxine sodium:disease_directed_therapy | prednisone:disease_directed_therapy
内分泌/代谢,Type 1 diabetes mellitus with diabetic polyneuropathy,primary_specialty_disease,insulin | levothyroxine sodium | calcium carbonate | prednisone | propranolol,insulin | levothyroxine sodium,acetaminophen | glucagon | glucose gel | dextrose 50% | oxycodone (immediate release),single_specialty_cooccurrence,insulin(177) | levothyroxine sodium(2) | calcium carbonate(1) | prednisone(1) | propranolol(1),候选证据充分,单专科住院共现可作为真实世界候选证据，不代表治疗因果或临床指南推荐,已优先保留疾病直接治疗或风险控制药物，支持/通用药物移入低优先级,insulin:disease_directed_therapy | levothyroxine sodium:disease_directed_therapy | calcium carbonate:disease_directed_therapy | prednisone:disease_directed_therapy | propranolol:disease_directed_therapy
内分泌/代谢,Type 1 diabetes mellitus with foot ulcer,primary_specialty_disease,insulin | calcium carbonate | levothyroxine sodium | insulin pump (self administering medication) | prednisone,insulin | calcium carbonate,acetaminophen | glucagon | glucose gel | oxycodone (immediate release) | dextrose 50%,single_specialty_cooccurrence,insulin(136) | calcium carbonate(3) | levothyroxine sodium(2) | insulin pump (self administering medication)(1) | prednisone(1),候选证据充分,单专科住院共现可作为真实世界候选证据，不代表治疗因果或临床指南推荐,已优先保留疾病直接治疗或风险控制药物，支持/通用药物移入低优先级,insulin:disease_directed_therapy | calcium carbonate:disease_directed_therapy | levothyroxine sodium:disease_directed_therapy | insulin pump (self administering medication):disease_directed_therapy | prednisone:disease_directed_therapy
内分泌/代谢,Type 1 diabetes mellitus with hyperglycemia,primary_specialty_disease,insulin | insulin pump (self administering medication) | calcium carbonate | levothyroxine sodium | insulin human regular,insulin | insulin pump (self administering medication),acetaminophen | glucagon | glucose gel | dextrose 50% | docusate sodium,single_specialty_cooccurrence,insulin(1573) | insulin pump (self administering medication)(34) | calcium carbonate(31) | levothyroxine sodium(24) | insulin human regular(17),候选证据充分,单专科住院共现可作为真实世界候选证据，不代表治疗因果或临床指南推荐,已优先保留疾病直接治疗或风险控制药物，支持/通用药物移入低优先级,insulin:disease_directed_therapy | insulin pump (self administering medication):disease_directed_therapy | calcium carbonate:disease_directed_therapy | levothyroxine sodium:disease_directed_therapy | insulin human regular:disease_directed_therapy
内分泌/代谢,Type 1 diabetes mellitus with hypoglycemia without coma,primary_specialty_disease,insulin | levothyroxine sodium | calcium carbonate | insulin pump (self administering medication) | insulin human regular,insulin | levothyroxine sodium,acetaminophen | glucagon | glucose gel | dextrose 50% | docusate sodium,single_specialty_cooccurrence,insulin(1106) | levothyroxine sodium(33) | calcium carbonate(29) | insulin pump (self administering medication)(29) | insulin human regular(23),候选证据充分,单专科住院共现可作为真实世界候选证据，不代表治疗因果或临床指南推荐,已优先保留疾病直接治疗或风险控制药物，支持/通用药物移入低优先级,insulin:disease_directed_therapy | levothyroxine sodium:disease_directed_therapy | calcium carbonate:disease_directed_therapy | insulin pump (self administering medication):disease_directed_therapy | insulin human regular:disease_directed_therapy
内分泌/代谢,Type 1 diabetes mellitus with ketoacidosis without coma,primary_specialty_disease,insulin | insulin human regular | insulin pump (self administering medication) | calcium carbonate | levothyroxine sodium,insulin | insulin human regular,potassium chloride | potassium chloride replacement (critical care and oncology) | glucagon | glucose gel | magnesium sulfate,single_specialty_cooccurrence,insulin(1275) | insulin human regular(74) | insulin pump (self administering medication)(19) | calcium carbonate(12) | levothyroxine sodium(11),候选证据充分,单专科住院共现可作为真实世界候选证据，不代表治疗因果或临床指南推荐,已优先保留疾病直接治疗或风险控制药物，支持/通用药物移入低优先级,insulin:disease_directed_therapy | insulin human regular:disease_directed_therapy | insulin pump (self administering medication):disease_directed_therapy | calcium carbonate:disease_directed_therapy | levothyroxine sodium:disease_directed_therapy
内分泌/代谢,"Type 1 diabetes mellitus with mild nonproliferative diabetic retinopathy with macular edema, left eye",primary_specialty_disease,calcium carbonate | insulin human regular | insulin pump (self administering medication),calcium carbonate | insulin human regular,naloxone | acetaminophen | d10w | dextrose 50% | docusate sodium,single_specialty_cooccurrence,calcium carbonate(1) | insulin human regular(1) | insulin pump (self administering medication)(1),候选证据充分,单专科住院共现可作为真实世界候选证据，不代表治疗因果或临床指南推荐,已优先保留疾病直接治疗或风险控制药物，支持/通用药物移入低优先级,calcium carbonate:disease_directed_therapy | insulin human regular:disease_directed_therapy | insulin pump (self administering medication):disease_directed_therapy
内分泌/代谢,Type 1 diabetes mellitus with mild nonproliferative diabetic retinopathy without macular edema,primary_specialty_disease,insulin pump (self administering medication) | calcium carbonate,insulin pump (self administering medication) | calcium carbonate,oxycodone (immediate release) | bisacodyl | dermoplast spray | dextrose 50% | docusate sodium,single_specialty_cooccurrence,insulin pump (self administering medication)(2) | calcium carbonate(1),候选证据充分,单专科住院共现可作为真实世界候选证据，不代表治疗因果或临床指南推荐,已优先保留疾病直接治疗或风险控制药物，支持/通用药物移入低优先级,insulin pump (self administering medication):disease_directed_therapy | calcium carbonate:disease_directed_therapy
内分泌/代谢,"Type 1 diabetes mellitus with mild nonproliferative diabetic retinopathy without macular edema, bilateral",primary_specialty_disease,insulin | insulin human regular | insulin pump (self administering medication) | calcium carbonate | levothyroxine sodium,insulin | insulin human regular,acetaminophen | dextrose 50% | methadone | glucagon | glucose gel,single_specialty_cooccurrence,insulin(38) | insulin human regular(7) | insulin pump (self administering medication)(7) | calcium carbonate(3) | levothyroxine sodium(1),候选证据充分,单专科住院共现可作为真实世界候选证据，不代表治疗因果或临床指南推荐,已优先保留疾病直接治疗或风险控制药物，支持/通用药物移入低优先级,insulin:disease_directed_therapy | insulin human regular:disease_directed_therapy | insulin pump (self administering medication):disease_directed_therapy | calcium carbonate:disease_directed_therapy | levothyroxine sodium:disease_directed_therapy
内分泌/代谢,"Type 1 diabetes mellitus with mild nonproliferative diabetic retinopathy without macular edema, left eye",primary_specialty_disease,insulin | insulin pump (self administering medication) | levothyroxine sodium | calcium carbonate | insulin human regular,insulin | insulin pump (self administering medication),dextrose 50% | docusate sodium | glucagon | glucose gel | acetaminophen,single_specialty_cooccurrence,insulin(13) | insulin pump (self administering medication)(3) | levothyroxine sodium(3) | calcium carbonate(2) | insulin human regular(1),候选证据充分,单专科住院共现可作为真实世界候选证据，不代表治疗因果或临床指南推荐,已优先保留疾病直接治疗或风险控制药物，支持/通用药物移入低优先级,insulin:disease_directed_therapy | insulin pump (self administering medication):disease_directed_therapy | levothyroxine sodium:disease_directed_therapy | calcium carbonate:disease_directed_therapy | insulin human regular:disease_directed_therapy
内分泌/代谢,"Type 1 diabetes mellitus with mild nonproliferative diabetic retinopathy without macular edema, right eye",primary_specialty_disease,insulin pump (self administering medication) | insulin | calcium carbonate | insulin aspart *nf* | insulin human regular,insulin pump (self administering medication) | insulin,naloxone | acetaminophen | d10w | glucagon | glucose gel,single_specialty_cooccurrence,insulin pump (self administering medication)(5) | insulin(4) | calcium carbonate(2) | insulin aspart *nf*(2) | insulin human regular(2),候选证据充分,单专科住院共现可作为真实世界候选证据，不代表治疗因果或临床指南推荐,已优先保留疾病直接治疗或风险控制药物，支持/通用药物移入低优先级,insulin pump (self administering medication):disease_directed_therapy | insulin:disease_directed_therapy | calcium carbonate:disease_directed_therapy | insulin aspart *nf*:disease_directed_therapy | insulin human regular:disease_directed_therapy
内分泌/代谢,"Type 1 diabetes mellitus with mild nonproliferative diabetic retinopathy without macular edema, unspecified eye",primary_specialty_disease,insulin | insulin pump (self administering medication) | calcium carbonate | insulin human regular | levothyroxine sodium,insulin | insulin pump (self administering medication),acetaminophen | docusate sodium | glucagon | glucose gel | hydromorphone (dilaudid),single_specialty_cooccurrence,insulin(99) | insulin pump (self administering medication)(17) | calcium carbonate(11) | insulin human regular(10) | levothyroxine sodium(1),候选证据充分,单专科住院共现可作为真实世界候选证据，不代表治疗因果或临床指南推荐,已优先保留疾病直接治疗或风险控制药物，支持/通用药物移入低优先级,insulin:disease_directed_therapy | insulin pump (self administering medication):disease_directed_therapy | calcium carbonate:disease_directed_therapy | insulin human regular:disease_directed_therapy | levothyroxine sodium:disease_directed_therapy
内分泌/代谢,"Type 1 diabetes mellitus with moderate nonproliferative diabetic retinopathy without macular edema, bilateral",primary_specialty_disease,insulin | hydrocortisone | calcium carbonate | insulin human regular,insulin | hydrocortisone,acetaminophen | naloxone | d10w | dextrose 50% | docusate sodium,single_specialty_cooccurrence,insulin(18) | hydrocortisone(7) | calcium carbonate(1) | insulin human regular(1),候选证据充分,单专科住院共现可作为真实世界候选证据，不代表治疗因果或临床指南推荐,已优先保留疾病直接治疗或风险控制药物，支持/通用药物移入低优先级,insulin:disease_directed_therapy | hydrocortisone:disease_directed_therapy | calcium carbonate:disease_directed_therapy | insulin human regular:disease_directed_therapy
内分泌/代谢,Type 1 diabetes mellitus with other diabetic kidney complication,specialty_related_condition,,,,single_specialty_cooccurrence,,仅用于诊断评估,共现仅提示病例背景或跨专科合并症，不作为治疗因果证据,该诊断不是本专科主要疾病，可用于诊断评估和 MDT 协商背景,
内分泌/代谢,Type 1 diabetes mellitus with other skin complications,specialty_related_condition,,,,single_specialty_cooccurrence,,仅用于诊断评估,共现仅提示病例背景或跨专科合并症，不作为治疗因果证据,该诊断不是本专科主要疾病，可用于诊断评估和 MDT 协商背景,
内分泌/代谢,Type 1 diabetes mellitus with other skin ulcer,primary_specialty_disease,insulin,insulin,vancomycin | ciprofloxacin hcl | 0.9% sodium chloride (mini bag plus) | dextrose 50% | glucagon,single_specialty_cooccurrence,insulin(10),候选证据充分,单专科住院共现可作为真实世界候选证据，不代表治疗因果或临床指南推荐,已优先保留疾病直接治疗或风险控制药物，支持/通用药物移入低优先级,insulin:disease_directed_therapy
内分泌/代谢,Type 1 diabetes mellitus with other specified complication,specialty_related_condition,,,,single_specialty_cooccurrence,,仅用于诊断评估,共现仅提示病例背景或跨专科合并症，不作为治疗因果证据,该诊断不是本专科主要疾病，可用于诊断评估和 MDT 协商背景,
内分泌/代谢,"Type 1 diabetes mellitus with proliferative diabetic retinopathy with macular edema, bilateral",primary_specialty_disease,insulin | levothyroxine sodium | calcium carbonate | insulin human regular,insulin | levothyroxine sodium,labetalol | acetaminophen | betamethasone na. phos/acet | d10w | dextrose 50%,single_specialty_cooccurrence,insulin(191) | levothyroxine sodium(9) | calcium carbonate(2) | insulin human regular(2),候选证据充分,单专科住院共现可作为真实世界候选证据，不代表治疗因果或临床指南推荐,已优先保留疾病直接治疗或风险控制药物，支持/通用药物移入低优先级,insulin:disease_directed_therapy | levothyroxine sodium:disease_directed_therapy | calcium carbonate:disease_directed_therapy | insulin human regular:disease_directed_therapy
内分泌/代谢,"Type 1 diabetes mellitus with proliferative diabetic retinopathy without macular edema, bilateral",primary_specialty_disease,insulin | calcium carbonate | insulin human regular,insulin | calcium carbonate,docusate sodium | acetaminophen | hydromorphone (dilaudid) | oxycodone (immediate release) | bisacodyl,single_specialty_cooccurrence,insulin(30) | calcium carbonate(1) | insulin human regular(1),候选证据充分,单专科住院共现可作为真实世界候选证据，不代表治疗因果或临床指南推荐,已优先保留疾病直接治疗或风险控制药物，支持/通用药物移入低优先级,insulin:disease_directed_therapy | calcium carbonate:disease_directed_therapy | insulin human regular:disease_directed_therapy
内分泌/代谢,"Type 1 diabetes mellitus with proliferative diabetic retinopathy without macular edema, unspecified eye",primary_specialty_disease,insulin | insulin human regular | insulin pump (self administering medication) | calcium carbonate,insulin | insulin human regular,naloxone | ketorolac | acetaminophen | d10w | dextrose 50%,single_specialty_cooccurrence,insulin(27) | insulin human regular(4) | insulin pump (self administering medication)(4) | calcium carbonate(2),候选证据充分,单专科住院共现可作为真实世界候选证据，不代表治疗因果或临床指南推荐,已优先保留疾病直接治疗或风险控制药物，支持/通用药物移入低优先级,insulin:disease_directed_therapy | insulin human regular:disease_directed_therapy | insulin pump (self administering medication):disease_directed_therapy | calcium carbonate:disease_directed_therapy
内分泌/代谢,Type 1 diabetes mellitus with unspecified complications,specialty_related_condition,,,,single_specialty_cooccurrence,,仅用于诊断评估,共现仅提示病例背景或跨专科合并症，不作为治疗因果证据,该诊断不是本专科主要疾病，可用于诊断评估和 MDT 协商背景,
内分泌/代谢,Type 1 diabetes mellitus with unspecified diabetic retinopathy with macular edema,primary_specialty_disease,levothyroxine sodium | calcium carbonate | insulin pump (self administering medication),levothyroxine sodium | calcium carbonate,prochlorperazine | acetaminophen | bisacodyl | dextrose 50% | diphenhydramine,single_specialty_cooccurrence,levothyroxine sodium(2) | calcium carbonate(1) | insulin pump (self administering medication)(1),候选证据充分,单专科住院共现可作为真实世界候选证据，不代表治疗因果或临床指南推荐,已优先保留疾病直接治疗或风险控制药物，支持/通用药物移入低优先级,levothyroxine sodium:disease_directed_therapy | calcium carbonate:disease_directed_therapy | insulin pump (self administering medication):disease_directed_therapy
内分泌/代谢,Type 1 diabetes mellitus with unspecified diabetic retinopathy without macular edema,primary_specialty_disease,insulin | levothyroxine sodium | insulin pump (self administering medication) | calcium carbonate | insulin human regular,insulin | levothyroxine sodium,acetaminophen | glucagon | glucose gel | dextrose 50% | oxycodone (immediate release),single_specialty_cooccurrence,insulin(122) | levothyroxine sodium(16) | insulin pump (self administering medication)(11) | calcium carbonate(5) | insulin human regular(4),候选证据充分,单专科住院共现可作为真实世界候选证据，不代表治疗因果或临床指南推荐,已优先保留疾病直接治疗或风险控制药物，支持/通用药物移入低优先级,insulin:disease_directed_therapy | levothyroxine sodium:disease_directed_therapy | insulin pump (self administering medication):disease_directed_therapy | calcium carbonate:disease_directed_therapy | insulin human regular:disease_directed_therapy
内分泌/代谢,Type 1 diabetes mellitus without complications,specialty_related_condition,,,,single_specialty_cooccurrence,,仅用于诊断评估,共现仅提示病例背景或跨专科合并症，不作为治疗因果证据,该诊断不是本专科主要疾病，可用于诊断评估和 MDT 协商背景,
内分泌/代谢,Type 2 diabetes mellitus with diabetic amyotrophy,primary_specialty_disease,insulin,insulin,acetaminophen | dextrose 50% | docusate sodium | glucagon | glucose gel,single_specialty_cooccurrence,insulin(2),候选证据充分,单专科住院共现可作为真实世界候选证据，不代表治疗因果或临床指南推荐,已优先保留疾病直接治疗或风险控制药物，支持/通用药物移入低优先级,insulin:disease_directed_therapy
内分泌/代谢,Type 2 diabetes mellitus with diabetic cataract,primary_specialty_disease,insulin | calcium carbonate | levothyroxine sodium | toujeo solostar u-300 insulin,insulin | calcium carbonate,heparin | lidocaine jelly 2% (urojet) | potassium chloride | vancomycin | acetaminophen,single_specialty_cooccurrence,insulin(22) | calcium carbonate(2) | levothyroxine sodium(1) | toujeo solostar u-300 insulin(1),候选证据充分,单专科住院共现可作为真实世界候选证据，不代表治疗因果或临床指南推荐,已优先保留疾病直接治疗或风险控制药物，支持/通用药物移入低优先级,insulin:disease_directed_therapy | calcium carbonate:disease_directed_therapy | levothyroxine sodium:disease_directed_therapy | toujeo solostar u-300 insulin:disease_directed_therapy
内分泌/代谢,Type 2 diabetes mellitus with diabetic dermatitis,primary_specialty_disease,insulin,insulin,acetaminophen | mupirocin ointment 2% | clindamycin 1% solution | dextrose 50% | glucagon,single_specialty_cooccurrence,insulin(12),候选证据充分,单专科住院共现可作为真实世界候选证据，不代表治疗因果或临床指南推荐,已优先保留疾病直接治疗或风险控制药物，支持/通用药物移入低优先级,insulin:disease_directed_therapy
内分泌/代谢,Type 2 diabetes mellitus with diabetic mononeuropathy,primary_specialty_disease,insulin,insulin,acetaminophen | dextrose 50% | diphenhydramine | glucagon | glucose gel,single_specialty_cooccurrence,insulin(18),候选证据充分,单专科住院共现可作为真实世界候选证据，不代表治疗因果或临床指南推荐,已优先保留疾病直接治疗或风险控制药物，支持/通用药物移入低优先级,insulin:disease_directed_therapy
内分泌/代谢,Type 2 diabetes mellitus with diabetic nephropathy,primary_specialty_disease,insulin | calcium carbonate | levothyroxine sodium,insulin | calcium carbonate,oxycodone (immediate release) | vancomycin | dextrose 50% | glucagon | glucose gel,single_specialty_cooccurrence,insulin(77) | calcium carbonate(3) | levothyroxine sodium(1),候选证据充分,单专科住院共现可作为真实世界候选证据，不代表治疗因果或临床指南推荐,已优先保留疾病直接治疗或风险控制药物，支持/通用药物移入低优先级,insulin:disease_directed_therapy | calcium carbonate:disease_directed_therapy | levothyroxine sodium:disease_directed_therapy
内分泌/代谢,Type 2 diabetes mellitus with diabetic neuropathic arthropathy,primary_specialty_disease,insulin | levothyroxine sodium,insulin | levothyroxine sodium,vancomycin | acetaminophen | oxycodone (immediate release) | senna | dextrose 50%,single_specialty_cooccurrence,insulin(91) | levothyroxine sodium(1),候选证据充分,单专科住院共现可作为真实世界候选证据，不代表治疗因果或临床指南推荐,已优先保留疾病直接治疗或风险控制药物，支持/通用药物移入低优先级,insulin:disease_directed_therapy | levothyroxine sodium:disease_directed_therapy
内分泌/代谢,"Type 2 diabetes mellitus with diabetic neuropathy, unspecified",primary_specialty_disease,insulin | levothyroxine sodium | calcium carbonate | toujeo solostar u-300 insulin,insulin | levothyroxine sodium,acetaminophen | oxycodone (immediate release) | glucagon | glucose gel | dextrose 50%,single_specialty_cooccurrence,insulin(167) | levothyroxine sodium(5) | calcium carbonate(4) | toujeo solostar u-300 insulin(1),候选证据充分,单专科住院共现可作为真实世界候选证据，不代表治疗因果或临床指南推荐,已优先保留疾病直接治疗或风险控制药物，支持/通用药物移入低优先级,insulin:disease_directed_therapy | levothyroxine sodium:disease_directed_therapy | calcium carbonate:disease_directed_therapy | toujeo solostar u-300 insulin:disease_directed_therapy
内分泌/代谢,Type 2 diabetes mellitus with diabetic peripheral angiopathy with gangrene,primary_specialty_disease,insulin | calcium carbonate | levothyroxine sodium | toujeo solostar u-300 insulin | stoujeo solostar u-300 insulin,insulin | calcium carbonate,vancomycin | acetaminophen | oxycodone (immediate release) | hydromorphone (dilaudid) | heparin,single_specialty_cooccurrence,insulin(75) | calcium carbonate(4) | levothyroxine sodium(4) | toujeo solostar u-300 insulin(4) | stoujeo solostar u-300 insulin(1),候选证据充分,单专科住院共现可作为真实世界候选证据，不代表治疗因果或临床指南推荐,已优先保留疾病直接治疗或风险控制药物，支持/通用药物移入低优先级,insulin:disease_directed_therapy | calcium carbonate:disease_directed_therapy | levothyroxine sodium:disease_directed_therapy | toujeo solostar u-300 insulin:disease_directed_therapy | stoujeo solostar u-300 insulin:disease_directed_therapy
内分泌/代谢,Type 2 diabetes mellitus with diabetic peripheral angiopathy without gangrene,primary_specialty_disease,insulin | calcium carbonate | levothyroxine sodium | toujeo solostar u-300 insulin,insulin | calcium carbonate,acetaminophen | heparin sodium | oxycodone (immediate release) | vancomycin | dextrose 50%,single_specialty_cooccurrence,insulin(41) | calcium carbonate(4) | levothyroxine sodium(3) | toujeo solostar u-300 insulin(1),候选证据充分,单专科住院共现可作为真实世界候选证据，不代表治疗因果或临床指南推荐,已优先保留疾病直接治疗或风险控制药物，支持/通用药物移入低优先级,insulin:disease_directed_therapy | calcium carbonate:disease_directed_therapy | levothyroxine sodium:disease_directed_therapy | toujeo solostar u-300 insulin:disease_directed_therapy
内分泌/代谢,Type 2 diabetes mellitus with diabetic polyneuropathy,primary_specialty_disease,insulin | levothyroxine sodium | toujeo solostar u-300 insulin | calcium carbonate | propranolol,insulin | levothyroxine sodium,acetaminophen | vancomycin | oxycodone (immediate release) | senna | glucagon,single_specialty_cooccurrence,insulin(211) | levothyroxine sodium(6) | toujeo solostar u-300 insulin(4) | calcium carbonate(2) | propranolol(2),候选证据充分,单专科住院共现可作为真实世界候选证据，不代表治疗因果或临床指南推荐,已优先保留疾病直接治疗或风险控制药物，支持/通用药物移入低优先级,insulin:disease_directed_therapy | levothyroxine sodium:disease_directed_therapy | toujeo solostar u-300 insulin:disease_directed_therapy | calcium carbonate:disease_directed_therapy | propranolol:disease_directed_therapy
内分泌/代谢,Type 2 diabetes mellitus with foot ulcer,primary_specialty_disease,insulin | levothyroxine sodium | calcium carbonate | hydrocortisone cream 1% | toujeo solostar u-300 insulin,insulin | levothyroxine sodium,vancomycin | acetaminophen | oxycodone (immediate release) | dextrose 50% | glucagon,single_specialty_cooccurrence,insulin(304) | levothyroxine sodium(6) | calcium carbonate(5) | hydrocortisone cream 1%(1) | toujeo solostar u-300 insulin(1),候选证据充分,单专科住院共现可作为真实世界候选证据，不代表治疗因果或临床指南推荐,已优先保留疾病直接治疗或风险控制药物，支持/通用药物移入低优先级,insulin:disease_directed_therapy | levothyroxine sodium:disease_directed_therapy | calcium carbonate:disease_directed_therapy | hydrocortisone cream 1%:disease_directed_therapy | toujeo solostar u-300 insulin:disease_directed_therapy
内分泌/代谢,Type 2 diabetes mellitus with hyperglycemia,primary_specialty_disease,insulin | calcium carbonate | prednisone | levothyroxine sodium | methylprednisolone,insulin | calcium carbonate,acetaminophen | glucagon | glucose gel | dextrose 50% | oxycodone (immediate release),single_specialty_cooccurrence,insulin(1476) | calcium carbonate(19) | prednisone(6) | levothyroxine sodium(3) | methylprednisolone(3),候选证据充分,单专科住院共现可作为真实世界候选证据，不代表治疗因果或临床指南推荐,已优先保留疾病直接治疗或风险控制药物，支持/通用药物移入低优先级,insulin:disease_directed_therapy | calcium carbonate:disease_directed_therapy | prednisone:disease_directed_therapy | levothyroxine sodium:disease_directed_therapy | methylprednisolone:disease_directed_therapy
内分泌/代谢,Type 2 diabetes mellitus with hyperosmolarity without nonketotic hyperglycemic-hyperosmolar coma (NKHHC),primary_specialty_disease,insulin,insulin,acetaminophen | 0.9% sodium chloride (mini bag plus) | cefepime | duloxetine | nicotine patch,single_specialty_cooccurrence,insulin(14),候选证据充分,单专科住院共现可作为真实世界候选证据，不代表治疗因果或临床指南推荐,已优先保留疾病直接治疗或风险控制药物，支持/通用药物移入低优先级,insulin:disease_directed_therapy
内分泌/代谢,Type 2 diabetes mellitus with hypoglycemia without coma,primary_specialty_disease,insulin | calcium carbonate | insulin human regular | levothyroxine sodium | prednisone,insulin | calcium carbonate,acetaminophen | dextrose 50% | glucagon | glucose gel | labetalol,single_specialty_cooccurrence,insulin(247) | calcium carbonate(4) | insulin human regular(2) | levothyroxine sodium(2) | prednisone(2),候选证据充分,单专科住院共现可作为真实世界候选证据，不代表治疗因果或临床指南推荐,已优先保留疾病直接治疗或风险控制药物，支持/通用药物移入低优先级,insulin:disease_directed_therapy | calcium carbonate:disease_directed_therapy | insulin human regular:disease_directed_therapy | levothyroxine sodium:disease_directed_therapy | prednisone:disease_directed_therapy
内分泌/代谢,Type 2 diabetes mellitus with ketoacidosis without coma,primary_specialty_disease,insulin | insulin human regular | insulin pump (self administering medication) | sodium bicarbonate | calcium carbonate,insulin | insulin human regular,potassium chloride | neutra-phos | potassium chl 20 meq / 1000 ml d5 1/2 ns | potassium chloride replacement (critical care and oncology) | glucagon,single_specialty_cooccurrence,insulin(175) | insulin human regular(16) | insulin pump (self administering medication)(2) | sodium bicarbonate(2) | calcium carbonate(1),候选证据充分,单专科住院共现可作为真实世界候选证据，不代表治疗因果或临床指南推荐,已优先保留疾病直接治疗或风险控制药物，支持/通用药物移入低优先级,insulin:disease_directed_therapy | insulin human regular:disease_directed_therapy | insulin pump (self administering medication):disease_directed_therapy | sodium bicarbonate:disease_directed_therapy | calcium carbonate:disease_directed_therapy
内分泌/代谢,"Type 2 diabetes mellitus with mild nonproliferative diabetic retinopathy without macular edema, bilateral",primary_specialty_disease,insulin | calcium carbonate,insulin | calcium carbonate,acetaminophen | docusate sodium | ibuprofen | bisacodyl | dextrose 50%,single_specialty_cooccurrence,insulin(30) | calcium carbonate(2),候选证据充分,单专科住院共现可作为真实世界候选证据，不代表治疗因果或临床指南推荐,已优先保留疾病直接治疗或风险控制药物，支持/通用药物移入低优先级,insulin:disease_directed_therapy | calcium carbonate:disease_directed_therapy
内分泌/代谢,"Type 2 diabetes mellitus with mild nonproliferative diabetic retinopathy without macular edema, right eye",primary_specialty_disease,insulin | insulin human regular,insulin | insulin human regular,acetaminophen | bisacodyl | d10w | dextrose 50% | docusate sodium,single_specialty_cooccurrence,insulin(55) | insulin human regular(1),候选证据充分,单专科住院共现可作为真实世界候选证据，不代表治疗因果或临床指南推荐,已优先保留疾病直接治疗或风险控制药物，支持/通用药物移入低优先级,insulin:disease_directed_therapy | insulin human regular:disease_directed_therapy
内分泌/代谢,"Type 2 diabetes mellitus with mild nonproliferative diabetic retinopathy without macular edema, unspecified eye",primary_specialty_disease,insulin | calcium carbonate | insulin human regular | levothyroxine sodium,insulin | calcium carbonate,ketorolac | acetaminophen | naloxone | oxycodone (immediate release) | bisacodyl,single_specialty_cooccurrence,insulin(31) | calcium carbonate(4) | insulin human regular(1) | levothyroxine sodium(1),候选证据充分,单专科住院共现可作为真实世界候选证据，不代表治疗因果或临床指南推荐,已优先保留疾病直接治疗或风险控制药物，支持/通用药物移入低优先级,insulin:disease_directed_therapy | calcium carbonate:disease_directed_therapy | insulin human regular:disease_directed_therapy | levothyroxine sodium:disease_directed_therapy
内分泌/代谢,"Type 2 diabetes mellitus with moderate nonproliferative diabetic retinopathy without macular edema, bilateral",primary_specialty_disease,insulin,insulin,magnesium oxide | metoprolol tartrate | magnesium sulfate | lisinopril | metformin (glucophage),single_specialty_cooccurrence,insulin(2),候选证据充分,单专科住院共现可作为真实世界候选证据，不代表治疗因果或临床指南推荐,已优先保留疾病直接治疗或风险控制药物，支持/通用药物移入低优先级,insulin:disease_directed_therapy
内分泌/代谢,Type 2 diabetes mellitus with other circulatory complications,specialty_related_condition,,,,single_specialty_cooccurrence,,仅用于诊断评估,共现仅提示病例背景或跨专科合并症，不作为治疗因果证据,该诊断不是本专科主要疾病，可用于诊断评估和 MDT 协商背景,
内分泌/代谢,Type 2 diabetes mellitus with other skin complications,specialty_related_condition,,,,single_specialty_cooccurrence,,仅用于诊断评估,共现仅提示病例背景或跨专科合并症，不作为治疗因果证据,该诊断不是本专科主要疾病，可用于诊断评估和 MDT 协商背景,
内分泌/代谢,Type 2 diabetes mellitus with other skin ulcer,primary_specialty_disease,insulin,insulin,acetaminophen | bisacodyl | dextrose 50% | glucagon | glucose gel,single_specialty_cooccurrence,insulin(13),候选证据充分,单专科住院共现可作为真实世界候选证据，不代表治疗因果或临床指南推荐,已优先保留疾病直接治疗或风险控制药物，支持/通用药物移入低优先级,insulin:disease_directed_therapy
内分泌/代谢,Type 2 diabetes mellitus with other specified complication,specialty_related_condition,,,,single_specialty_cooccurrence,,仅用于诊断评估,共现仅提示病例背景或跨专科合并症，不作为治疗因果证据,该诊断不是本专科主要疾病，可用于诊断评估和 MDT 协商背景,
内分泌/代谢,Type 2 diabetes mellitus with unspecified complications,specialty_related_condition,,,,single_specialty_cooccurrence,,仅用于诊断评估,共现仅提示病例背景或跨专科合并症，不作为治疗因果证据,该诊断不是本专科主要疾病，可用于诊断评估和 MDT 协商背景,
内分泌/代谢,Type 2 diabetes mellitus with unspecified diabetic retinopathy with macular edema,primary_specialty_disease,insulin,insulin,levetiracetam | magnesium oxide | acetaminophen | bisacodyl | citalopram,single_specialty_cooccurrence,insulin(1),候选证据充分,单专科住院共现可作为真实世界候选证据，不代表治疗因果或临床指南推荐,已优先保留疾病直接治疗或风险控制药物，支持/通用药物移入低优先级,insulin:disease_directed_therapy
内分泌/代谢,Type 2 diabetes mellitus with unspecified diabetic retinopathy without macular edema,primary_specialty_disease,insulin | levothyroxine sodium | calcium carbonate | toujeo solostar u-300 insulin,insulin | levothyroxine sodium,vancomycin | oxycodone (immediate release) | acetaminophen | dextrose 50% | glucagon,single_specialty_cooccurrence,insulin(147) | levothyroxine sodium(3) | calcium carbonate(1) | toujeo solostar u-300 insulin(1),候选证据充分,单专科住院共现可作为真实世界候选证据，不代表治疗因果或临床指南推荐,已优先保留疾病直接治疗或风险控制药物，支持/通用药物移入低优先级,insulin:disease_directed_therapy | levothyroxine sodium:disease_directed_therapy | calcium carbonate:disease_directed_therapy | toujeo solostar u-300 insulin:disease_directed_therapy
内分泌/代谢,Type 2 diabetes mellitus without complications,specialty_related_condition,,,,single_specialty_cooccurrence,,仅用于诊断评估,共现仅提示病例背景或跨专科合并症，不作为治疗因果证据,该诊断不是本专科主要疾病，可用于诊断评估和 MDT 协商背景,
内分泌/代谢,Unspecified adrenocortical insufficiency,cross_specialty_comorbidity,,,,single_specialty_cooccurrence,,仅用于诊断评估,共现仅提示病例背景或跨专科合并症，不作为治疗因果证据,该诊断不是本专科主要疾病，可用于诊断评估和 MDT 协商背景,
内分泌/代谢,Unspecified protein-calorie malnutrition,primary_specialty_disease,insulin | calcium carbonate | levothyroxine sodium | cyanocobalamin | methylprednisolone sodium succ,insulin | calcium carbonate,lorazepam | acetaminophen | ondansetron | oxycodone (immediate release) | potassium chloride,single_specialty_cooccurrence,insulin(7) | calcium carbonate(5) | levothyroxine sodium(3) | cyanocobalamin(2) | methylprednisolone sodium succ(1),候选证据充分,单专科住院共现可作为真实世界候选证据，不代表治疗因果或临床指南推荐,已优先保留疾病直接治疗或风险控制药物，支持/通用药物移入低优先级,insulin:disease_directed_therapy | calcium carbonate:disease_directed_therapy | levothyroxine sodium:disease_directed_therapy | cyanocobalamin:disease_directed_therapy | methylprednisolone sodium succ:disease_directed_therapy
内分泌/代谢,Unspecified severe protein-calorie malnutrition,primary_specialty_disease,insulin | prednisone | sodium bicarbonate | levothyroxine sodium | calcium carbonate,insulin | prednisone,potassium chloride | acetaminophen | lorazepam | ondansetron | senna,single_specialty_cooccurrence,insulin(81) | prednisone(32) | sodium bicarbonate(16) | levothyroxine sodium(15) | calcium carbonate(9),候选证据充分,单专科住院共现可作为真实世界候选证据，不代表治疗因果或临床指南推荐,已优先保留疾病直接治疗或风险控制药物，支持/通用药物移入低优先级,insulin:disease_directed_therapy | prednisone:disease_directed_therapy | sodium bicarbonate:disease_directed_therapy | levothyroxine sodium:disease_directed_therapy | calcium carbonate:disease_directed_therapy
内分泌/代谢,"Vitamin A deficiency, unspecified",primary_specialty_disease,sodium bicarbonate | cyanocobalamin | levothyroxine sodium,sodium bicarbonate | cyanocobalamin,pancrelipase 5000 | docusate sodium | escitalopram oxalate | influenza vaccine quadrivalent | senna,single_specialty_cooccurrence,sodium bicarbonate(8) | cyanocobalamin(3) | levothyroxine sodium(2),候选证据充分,单专科住院共现可作为真实世界候选证据，不代表治疗因果或临床指南推荐,已优先保留疾病直接治疗或风险控制药物，支持/通用药物移入低优先级,sodium bicarbonate:disease_directed_therapy | cyanocobalamin:disease_directed_therapy | levothyroxine sodium:disease_directed_therapy
内分泌/代谢,"Vitamin B deficiency, unspecified",primary_specialty_disease,cyanocobalamin,cyanocobalamin,hydroxyurea | acetaminophen | allopurinol | aspirin | dasatinib,single_specialty_cooccurrence,cyanocobalamin(1),候选证据充分,单专科住院共现可作为真实世界候选证据，不代表治疗因果或临床指南推荐,已优先保留疾病直接治疗或风险控制药物，支持/通用药物移入低优先级,cyanocobalamin:disease_directed_therapy
内分泌/代谢,"Vitamin D deficiency, unspecified",primary_specialty_disease,insulin | levothyroxine sodium | calcium carbonate | prednisone | hydrocortisone na succ.,insulin | levothyroxine sodium,acetaminophen | lorazepam | ondansetron | vitamin d | heparin,single_specialty_cooccurrence,insulin(183) | levothyroxine sodium(38) | calcium carbonate(37) | prednisone(22) | hydrocortisone na succ.(16),候选证据充分,单专科住院共现可作为真实世界候选证据，不代表治疗因果或临床指南推荐,已优先保留疾病直接治疗或风险控制药物，支持/通用药物移入低优先级,insulin:disease_directed_therapy | levothyroxine sodium:disease_directed_therapy | calcium carbonate:disease_directed_therapy | prednisone:disease_directed_therapy | hydrocortisone na succ.:disease_directed_therapy
内分泌/代谢,"Volume depletion, unspecified",cross_specialty_comorbidity,,,,single_specialty_cooccurrence,,仅用于诊断评估,共现仅提示病例背景或跨专科合并症，不作为治疗因果证据,该诊断不是本专科主要疾病，可用于诊断评估和 MDT 协商背景,
内分泌/代谢,Wernicke's encephalopathy,cross_specialty_comorbidity,,,,single_specialty_cooccurrence,,仅用于诊断评估,共现仅提示病例背景或跨专科合并症，不作为治疗因果证据,该诊断不是本专科主要疾病，可用于诊断评估和 MDT 协商背景,
内分泌/代谢,Wilson's disease,cross_specialty_comorbidity,,,,single_specialty_cooccurrence,,仅用于诊断评估,共现仅提示病例背景或跨专科合并症，不作为治疗因果证据,该诊断不是本专科主要疾病，可用于诊断评估和 MDT 协商背景,
内分泌/代谢,von Gierke disease,cross_specialty_comorbidity,,,,single_specialty_cooccurrence,,仅用于诊断评估,共现仅提示病例背景或跨专科合并症，不作为治疗因果证据,该诊断不是本专科主要疾病，可用于诊断评估和 MDT 协商背景,
