specialty_name,diagnosis_name,recommended_drugs,candidate_drug_pairs,avoid_or_low_priority_drugs,evidence_source,top_drug_evidence,mapping_quality,notes
神经,(Idiopathic) normal pressure hydrocephalus,,,acetaminophen | heparin | bisacodyl | docusate sodium | lisinopril,single_specialty_cooccurrence,,仅保留低优先级方案,当前未识别到明确核心治疗药，仅保留低优先级方案供参考
神经,"Abdominal migraine, not intractable",topiramate (topamax),topiramate (topamax),lorazepam | ondansetron | heparin | hydromorphone (dilaudid) | acetaminophen,single_specialty_cooccurrence,topiramate (topamax)(1),可直接使用,已优先保留核心治疗药，支持治疗药和通用辅助药移入低优先级
神经,"Absence epileptic syndrome, intractable, without status epilepticus",lacosamide | zonisamide | clobazam,lacosamide | zonisamide,potassium chloride | sterile water | magnesium sulfate | ondansetron | acetaminophen,single_specialty_cooccurrence,lacosamide(2) | zonisamide(2) | clobazam(1),可直接使用,已优先保留核心治疗药，支持治疗药和通用辅助药移入低优先级
神经,"Absence epileptic syndrome, not intractable, with status epilepticus",clobazam,clobazam,lamictal xr | trokendi xr | acetaminophen | heparin | influenza vaccine quadrivalent,single_specialty_cooccurrence,clobazam(6),可直接使用,已优先保留核心治疗药，支持治疗药和通用辅助药移入低优先级
神经,"Absence epileptic syndrome, not intractable, without status epilepticus",lamotrigine | lacosamide | levetiracetam | lamotrigine xr,lamotrigine | lacosamide,acetaminophen | citalopram | oxycodone (immediate release) | lorazepam | divalproex (extended release),single_specialty_cooccurrence,lamotrigine(7) | lacosamide(4) | levetiracetam(4) | lamotrigine xr(1),可直接使用,已优先保留核心治疗药，支持治疗药和通用辅助药移入低优先级
神经,Accidental puncture and laceration of other nervous system organ or structure during other procedure,,,,single_specialty_cooccurrence,,背景共病,该诊断被标记为背景共病，不作为专科核心推荐依据
神经,Accidental puncture or laceration of dura during a procedure,,,,single_specialty_cooccurrence,,背景共病,该诊断被标记为背景共病，不作为专科核心推荐依据
神经,"Acute disseminated encephalitis and encephalomyelitis, unspecified",lamotrigine | ropinirole,lamotrigine | ropinirole,heparin | acetaminophen | doxycycline hyclate | lorazepam | nicotine patch,single_specialty_cooccurrence,lamotrigine(2) | ropinirole(2),可直接使用,已优先保留核心治疗药，支持治疗药和通用辅助药移入低优先级
神经,Acute pain due to trauma,,,,single_specialty_cooccurrence,,背景共病,该诊断被标记为背景共病，不作为专科核心推荐依据
神经,Acute transverse myelitis in demyelinating disease of central nervous system,gabapentin | lamotrigine,gabapentin | lamotrigine,heparin | acetaminophen | lorazepam | methylprednisolone na suc | senna,single_specialty_cooccurrence,gabapentin(2) | lamotrigine(1),可直接使用,已优先保留核心治疗药，支持治疗药和通用辅助药移入低优先级
神经,Alcoholic polyneuropathy,diazepam | pregabalin | diazepam - ciwa protocol | levetiracetam,diazepam | pregabalin,acetaminophen | morphine sulfate | bisacodyl | heparin | hydromorphone (dilaudid),single_specialty_cooccurrence,diazepam(2) | pregabalin(2) | diazepam - ciwa protocol(1) | levetiracetam(1),可直接使用,已优先保留核心治疗药，支持治疗药和通用辅助药移入低优先级
神经,Alzheimer's disease with early onset,donepezil,donepezil,oxycodone (immediate release) | acetaminophen | docusate sodium | heparin | potassium chloride,single_specialty_cooccurrence,donepezil(4),可直接使用,已优先保留核心治疗药，支持治疗药和通用辅助药移入低优先级
神经,"Alzheimer's disease, unspecified",levetiracetam | donepezil | gabapentin | levetiracetam oral solution,levetiracetam | donepezil,acetaminophen | senna | heparin | docusate sodium | potassium chloride,single_specialty_cooccurrence,levetiracetam(11) | donepezil(5) | gabapentin(1) | levetiracetam oral solution(1),可直接使用,已优先保留核心治疗药，支持治疗药和通用辅助药移入低优先级
神经,Amaurosis fugax,,,,single_specialty_cooccurrence,,背景共病,该诊断被标记为背景共病，不作为专科核心推荐依据
神经,Amyotrophic lateral sclerosis,gabapentin | baclofen,gabapentin | baclofen,oxycodone (immediate release) | acetaminophen | ibuprofen | docusate sodium | heparin,single_specialty_cooccurrence,gabapentin(2) | baclofen(1),可直接使用,已优先保留核心治疗药，支持治疗药和通用辅助药移入低优先级
神经,"Anoxic brain damage, not elsewhere classified",levetiracetam | midazolam | lacosamide | gabapentin | phenytoin sodium,levetiracetam | midazolam,heparin | oxycodone (immediate release) | acetaminophen | piperacillin-tazobactam | senna,single_specialty_cooccurrence,levetiracetam(10) | midazolam(7) | lacosamide(6) | gabapentin(1) | phenytoin sodium(1),可直接使用,已优先保留核心治疗药，支持治疗药和通用辅助药移入低优先级
神经,Anterior cord syndrome,,,acetaminophen iv | hydromorphone (dilaudid) | magnesium sulfate | piperacillin-tazobactam | potassium chloride,single_specialty_cooccurrence,,仅保留低优先级方案,当前未识别到明确核心治疗药，仅保留低优先级方案供参考
神经,Athetoid cerebral palsy,baclofen,baclofen,diphenhydramine | oxycodone (immediate release) | acetaminophen | aspirin (buffered) | calcium carbonate,single_specialty_cooccurrence,baclofen(3),可直接使用,已优先保留核心治疗药，支持治疗药和通用辅助药移入低优先级
神经,Atypical facial pain,,,,single_specialty_cooccurrence,,背景共病,该诊断被标记为背景共病，不作为专科核心推荐依据
神经,Autonomic dysreflexia,,,,single_specialty_cooccurrence,,背景共病,该诊断被标记为背景共病，不作为专科核心推荐依据
神经,Autonomic neuropathy in diseases classified elsewhere,gabapentin,gabapentin,dolutegravir | heparin | ketorolac | acetaminophen | alprazolam,single_specialty_cooccurrence,gabapentin(3),可直接使用,已优先保留核心治疗药，支持治疗药和通用辅助药移入低优先级
神经,"Bacterial meningitis, unspecified",phenytoin infatab | levetiracetam,phenytoin infatab | levetiracetam,haloperidol | acetaminophen | senna | 0.9% sodium chloride (mini bag plus) | calcium carbonate,single_specialty_cooccurrence,phenytoin infatab(5) | levetiracetam(2),可直接使用,已优先保留核心治疗药，支持治疗药和通用辅助药移入低优先级
神经,Bell's palsy,levetiracetam | gabapentin | oxcarbazepine | topiramate (topamax) | diazepam,levetiracetam | gabapentin,acetaminophen | prednisone | heparin | docusate sodium | lorazepam,single_specialty_cooccurrence,levetiracetam(10) | gabapentin(3) | oxcarbazepine(3) | topiramate (topamax)(3) | diazepam(2),可直接使用,已优先保留核心治疗药，支持治疗药和通用辅助药移入低优先级
神经,Benign intracranial hypertension,levetiracetam | diazepam | zonisamide | gabapentin | topiramate (topamax),levetiracetam | diazepam,acetaminophen | docusate sodium | ondansetron | oxycodone (immediate release) | heparin,single_specialty_cooccurrence,levetiracetam(3) | diazepam(2) | zonisamide(2) | gabapentin(1) | topiramate (topamax)(1),可直接使用,已优先保留核心治疗药，支持治疗药和通用辅助药移入低优先级
神经,Benign recurrent meningitis [Mollaret],,,acyclovir | acetaminophen | acetaminophen-caff-butalbital | hydromorphone (dilaudid) | docusate sodium,single_specialty_cooccurrence,,仅保留低优先级方案,当前未识别到明确核心治疗药，仅保留低优先级方案供参考
神经,Brachial plexus disorders,,,,single_specialty_cooccurrence,,背景共病,该诊断被标记为背景共病，不作为专科核心推荐依据
神经,Brain death,,,potassium chloride | phenylephrine | sw | calcium gluconate | chlorhexidine gluconate 0.12% oral rinse,single_specialty_cooccurrence,,仅保留低优先级方案,当前未识别到明确核心治疗药，仅保留低优先级方案供参考
神经,Brown-Sequard syndrome,,,,single_specialty_cooccurrence,,背景共病,该诊断被标记为背景共病，不作为专科核心推荐依据
神经,"Carpal tunnel syndrome, bilateral upper limbs",,,,single_specialty_cooccurrence,,背景共病,该诊断被标记为背景共病，不作为专科核心推荐依据
神经,"Carpal tunnel syndrome, left upper limb",,,,single_specialty_cooccurrence,,背景共病,该诊断被标记为背景共病，不作为专科核心推荐依据
神经,"Carpal tunnel syndrome, right upper limb",,,,single_specialty_cooccurrence,,背景共病,该诊断被标记为背景共病，不作为专科核心推荐依据
神经,"Carpal tunnel syndrome, unspecified upper limb",,,,single_specialty_cooccurrence,,背景共病,该诊断被标记为背景共病，不作为专科核心推荐依据
神经,Cauda equina syndrome,,,,single_specialty_cooccurrence,,背景共病,该诊断被标记为背景共病，不作为专科核心推荐依据
神经,Causalgia of left upper limb,,,,single_specialty_cooccurrence,,背景共病,该诊断被标记为背景共病，不作为专科核心推荐依据
神经,Causalgia of right upper limb,,,,single_specialty_cooccurrence,,背景共病,该诊断被标记为背景共病，不作为专科核心推荐依据
神经,Central demyelination of corpus callosum,,,,single_specialty_cooccurrence,,背景共病,该诊断被标记为背景共病，不作为专科核心推荐依据
神经,Central pontine myelinolysis,,,,single_specialty_cooccurrence,,背景共病,该诊断被标记为背景共病，不作为专科核心推荐依据
神经,Cerebral cysts,levetiracetam | lamotrigine | lacosamide | midazolam | amantadine,levetiracetam | lamotrigine,dexamethasone | acetaminophen | heparin | bisacodyl | senna,single_specialty_cooccurrence,levetiracetam(14) | lamotrigine(10) | lacosamide(2) | midazolam(2) | amantadine(1),可直接使用,已优先保留核心治疗药，支持治疗药和通用辅助药移入低优先级
神经,Cerebral edema,levetiracetam | lacosamide | gabapentin | diazepam | lamotrigine,levetiracetam | lacosamide,dexamethasone | acetaminophen | senna | heparin | oxycodone (immediate release),single_specialty_cooccurrence,levetiracetam(330) | lacosamide(16) | gabapentin(9) | diazepam(7) | lamotrigine(7),可直接使用,已优先保留核心治疗药，支持治疗药和通用辅助药移入低优先级
神经,"Cerebral palsy, unspecified",zonisamide | oxcarbazepine | lacosamide | levetiracetam | baclofen,zonisamide | oxcarbazepine,acetaminophen | senna | heparin | lorazepam | potassium chloride,single_specialty_cooccurrence,zonisamide(12) | oxcarbazepine(10) | lacosamide(8) | levetiracetam(7) | baclofen(1),可直接使用,已优先保留核心治疗药，支持治疗药和通用辅助药移入低优先级
神经,Cerebrospinal fluid leak,levetiracetam | gabapentin | diazepam | phenytoin sodium | phenytoin (suspension),levetiracetam | gabapentin,acetaminophen | oxycodone (immediate release) | senna | bisacodyl | hydromorphone (dilaudid),single_specialty_cooccurrence,levetiracetam(19) | gabapentin(15) | diazepam(13) | phenytoin sodium(6) | phenytoin (suspension)(5),可直接使用,已优先保留核心治疗药，支持治疗药和通用辅助药移入低优先级
神经,Cerebrospinal fluid leak from spinal puncture,,,acetaminophen | naproxen | ondansetron | acetaminophen-caff-butalbital | acyclovir,single_specialty_cooccurrence,,仅保留低优先级方案,当前未识别到明确核心治疗药，仅保留低优先级方案供参考
神经,"Cerebrospinal fluid leak, unspecified",,,diphenhydramine | docusate sodium | acetaminophen | buspirone | cefazolin,single_specialty_cooccurrence,,仅保留低优先级方案,当前未识别到明确核心治疗药，仅保留低优先级方案供参考
神经,"Cervical root disorders, not elsewhere classified",,,,single_specialty_cooccurrence,,背景共病,该诊断被标记为背景共病，不作为专科核心推荐依据
神经,Chronic inflammatory demyelinating polyneuritis,,,,single_specialty_cooccurrence,,背景共病,该诊断被标记为背景共病，不作为专科核心推荐依据
神经,Chronic meningitis,carbidopa-levodopa (25-100),carbidopa-levodopa (25-100),heparin | lorazepam | methylprednisolone na suc | acetazolamide | calcium carbonate,single_specialty_cooccurrence,carbidopa-levodopa (25-100)(2),可直接使用,已优先保留核心治疗药，支持治疗药和通用辅助药移入低优先级
神经,"Chronic migraine without aura, not intractable, without status migrainosus",baclofen | pregabalin,baclofen | pregabalin,capsaicin 0.025% | clonazepam | clonidine | duloxetine | acetaminophen,single_specialty_cooccurrence,baclofen(4) | pregabalin(2),可直接使用,已优先保留核心治疗药，支持治疗药和通用辅助药移入低优先级
神经,Chronic pain due to trauma,,,,single_specialty_cooccurrence,,背景共病,该诊断被标记为背景共病，不作为专科核心推荐依据
神经,Chronic pain syndrome,,,,single_specialty_cooccurrence,,背景共病,该诊断被标记为背景共病，不作为专科核心推荐依据
神经,"Chronic tension-type headache, not intractable",lacosamide | lamotrigine | pregabalin | topiramate (topamax),lacosamide | lamotrigine,felbamate | heparin | lorazepam | ondansetron | acetaminophen,single_specialty_cooccurrence,lacosamide(5) | lamotrigine(3) | pregabalin(1) | topiramate (topamax)(1),可直接使用,已优先保留核心治疗药，支持治疗药和通用辅助药移入低优先级
神经,"Circadian rhythm sleep disorder, unspecified type",,,,single_specialty_cooccurrence,,背景共病,该诊断被标记为背景共病，不作为专科核心推荐依据
神经,"Clonic hemifacial spasm, right",,,,single_specialty_cooccurrence,,背景共病,该诊断被标记为背景共病，不作为专科核心推荐依据
神经,"Cluster headache syndrome, unspecified, not intractable",gabapentin | diazepam | levetiracetam,gabapentin | diazepam,hydromorphone (dilaudid) | acetaminophen | senna | bisacodyl | ondansetron,single_specialty_cooccurrence,gabapentin(7) | diazepam(5) | levetiracetam(1),可直接使用,已优先保留核心治疗药，支持治疗药和通用辅助药移入低优先级
神经,Communicating hydrocephalus,zonisamide | diazepam | gabapentin,zonisamide | diazepam,morphine sulfate | acetaminophen | influenza vaccine quadrivalent | bisacodyl | citalopram,single_specialty_cooccurrence,zonisamide(2) | diazepam(1) | gabapentin(1),可直接使用,已优先保留核心治疗药，支持治疗药和通用辅助药移入低优先级
神经,Complex regional pain syndrome I of left lower limb,,,,single_specialty_cooccurrence,,背景共病,该诊断被标记为背景共病，不作为专科核心推荐依据
神经,"Complex regional pain syndrome I of lower limb, bilateral",,,,single_specialty_cooccurrence,,背景共病,该诊断被标记为背景共病，不作为专科核心推荐依据
神经,Complex regional pain syndrome I of other specified site,,,,single_specialty_cooccurrence,,背景共病,该诊断被标记为背景共病，不作为专科核心推荐依据
神经,Complex regional pain syndrome I of right lower limb,,,,single_specialty_cooccurrence,,背景共病,该诊断被标记为背景共病，不作为专科核心推荐依据
神经,Complex regional pain syndrome I of right upper limb,,,,single_specialty_cooccurrence,,背景共病,该诊断被标记为背景共病，不作为专科核心推荐依据
神经,Complex regional pain syndrome I of unspecified lower limb,,,,single_specialty_cooccurrence,,背景共病,该诊断被标记为背景共病，不作为专科核心推荐依据
神经,"Complex regional pain syndrome I, unspecified",,,,single_specialty_cooccurrence,,背景共病,该诊断被标记为背景共病，不作为专科核心推荐依据
神经,Compression of brain,levetiracetam | diazepam | gabapentin | lacosamide | zonisamide,levetiracetam | diazepam,dexamethasone | acetaminophen | bisacodyl | senna | oxycodone (immediate release),single_specialty_cooccurrence,levetiracetam(141) | diazepam(22) | gabapentin(13) | lacosamide(3) | zonisamide(3),可直接使用,已优先保留核心治疗药，支持治疗药和通用辅助药移入低优先级
神经,Conus medullaris syndrome,,,,single_specialty_cooccurrence,,背景共病,该诊断被标记为背景共病，不作为专科核心推荐依据
神经,"Cranial cerebrospinal fluid leak, spontaneous",,,oxycodone (immediate release) | hydroxyzine | heparin | acetaminophen | ceftriaxone,single_specialty_cooccurrence,,仅保留低优先级方案,当前未识别到明确核心治疗药，仅保留低优先级方案供参考
神经,"Cyclical vomiting, in migraine, intractable",,,haloperidol | d5 1/2ns | lorazepam | potassium chloride | prochlorperazine,single_specialty_cooccurrence,,仅保留低优先级方案,当前未识别到明确核心治疗药，仅保留低优先级方案供参考
神经,"Cyclical vomiting, in migraine, not intractable",levetiracetam | diazepam | gabapentin | topiramate (topamax),levetiracetam | diazepam,lorazepam | hydromorphone (dilaudid) | heparin | ondansetron | ketorolac,single_specialty_cooccurrence,levetiracetam(2) | diazepam(1) | gabapentin(1) | topiramate (topamax)(1),可直接使用,已优先保留核心治疗药，支持治疗药和通用辅助药移入低优先级
神经,Degeneration of nervous system due to alcohol,,,,single_specialty_cooccurrence,,背景共病,该诊断被标记为背景共病，不作为专科核心推荐依据
神经,"Degenerative disease of basal ganglia, unspecified",,,,single_specialty_cooccurrence,,背景共病,该诊断被标记为背景共病，不作为专科核心推荐依据
神经,"Degenerative disease of nervous system, unspecified",,,,single_specialty_cooccurrence,,背景共病,该诊断被标记为背景共病，不作为专科核心推荐依据
神经,"Demyelinating disease of central nervous system, unspecified",,,,single_specialty_cooccurrence,,背景共病,该诊断被标记为背景共病，不作为专科核心推荐依据
神经,"Diphtheria, unspecified",,,,single_specialty_cooccurrence,,背景共病,该诊断被标记为背景共病，不作为专科核心推荐依据
神经,"Disease of spinal cord, unspecified",,,,single_specialty_cooccurrence,,背景共病,该诊断被标记为背景共病，不作为专科核心推荐依据
神经,"Disorder of brain, unspecified",levetiracetam | gabapentin | lacosamide,levetiracetam | gabapentin,acetaminophen | dexamethasone | senna | heparin | docusate sodium,single_specialty_cooccurrence,levetiracetam(41) | gabapentin(5) | lacosamide(2),可直接使用,已优先保留核心治疗药，支持治疗药和通用辅助药移入低优先级
神经,"Disorder of central nervous system, unspecified",,,,single_specialty_cooccurrence,,背景共病,该诊断被标记为背景共病，不作为专科核心推荐依据
神经,"Disorder of the autonomic nervous system, unspecified",,,,single_specialty_cooccurrence,,背景共病,该诊断被标记为背景共病，不作为专科核心推荐依据
神经,"Disorder of trigeminal nerve, unspecified",,,,single_specialty_cooccurrence,,背景共病,该诊断被标记为背景共病，不作为专科核心推荐依据
神经,Disorders of hypoglossal nerve,,,,single_specialty_cooccurrence,,背景共病,该诊断被标记为背景共病，不作为专科核心推荐依据
神经,Disorders of multiple cranial nerves,,,,single_specialty_cooccurrence,,背景共病,该诊断被标记为背景共病，不作为专科核心推荐依据
神经,Disorders of olfactory nerve,,,,single_specialty_cooccurrence,,背景共病,该诊断被标记为背景共病，不作为专科核心推荐依据
神经,Disorders of other specified cranial nerves,,,,single_specialty_cooccurrence,,背景共病,该诊断被标记为背景共病，不作为专科核心推荐依据
神经,Drug induced acute dystonia,,,,single_specialty_cooccurrence,,背景共病,该诊断被标记为背景共病，不作为专科核心推荐依据
神经,Drug induced akathisia,,,,single_specialty_cooccurrence,,背景共病,该诊断被标记为背景共病，不作为专科核心推荐依据
神经,Drug induced subacute dyskinesia,,,,single_specialty_cooccurrence,,背景共病,该诊断被标记为背景共病，不作为专科核心推荐依据
神经,"Drug-induced headache, not elsewhere classified, not intractable",levetiracetam,levetiracetam,acetaminophen | diphenhydramine | sertraline | lorazepam | oxycodone (immediate release),single_specialty_cooccurrence,levetiracetam(1),可直接使用,已优先保留核心治疗药，支持治疗药和通用辅助药移入低优先级
神经,Drug-induced polyneuropathy,gabapentin | baclofen | levetiracetam,gabapentin | baclofen,lorazepam | ondansetron | acetaminophen | heparin flush (10 units/ml) | senna,single_specialty_cooccurrence,gabapentin(3) | baclofen(1) | levetiracetam(1),可直接使用,已优先保留核心治疗药，支持治疗药和通用辅助药移入低优先级
神经,Drug-induced tremor,,,,single_specialty_cooccurrence,,背景共病,该诊断被标记为背景共病，不作为专科核心推荐依据
神经,Dural tear,,,,single_specialty_cooccurrence,,背景共病,该诊断被标记为背景共病，不作为专科核心推荐依据
神经,"Dystonia, unspecified",,,,single_specialty_cooccurrence,,背景共病,该诊断被标记为背景共病，不作为专科核心推荐依据
神经,"Encephalitis and encephalomyelitis, unspecified",lacosamide | levetiracetam,lacosamide | levetiracetam,dexamethasone | acetaminophen | insulin | heparin | iso-osmotic sodium chloride,single_specialty_cooccurrence,lacosamide(3) | levetiracetam(3),可直接使用,已优先保留核心治疗药，支持治疗药和通用辅助药移入低优先级
神经,"Encephalopathy, unspecified",levetiracetam | lacosamide | fosphenytoin | topiramate (topamax) | amantadine,levetiracetam | lacosamide,lorazepam | dexamethasone | acetaminophen | heparin | senna,single_specialty_cooccurrence,levetiracetam(34) | lacosamide(17) | fosphenytoin(12) | topiramate (topamax)(11) | amantadine(7),可直接使用,已优先保留核心治疗药，支持治疗药和通用辅助药移入低优先级
神经,"Epilepsy, unspecified, intractable, without status epilepticus",zonisamide | lacosamide | levetiracetam | oxcarbazepine | phenytoin sodium extended,zonisamide | lacosamide,potassium chloride | acetaminophen | lorazepam | docusate sodium | heparin,single_specialty_cooccurrence,zonisamide(33) | lacosamide(22) | levetiracetam(22) | oxcarbazepine(21) | phenytoin sodium extended(14),可直接使用,已优先保留核心治疗药，支持治疗药和通用辅助药移入低优先级
神经,"Epilepsy, unspecified, not intractable, with status epilepticus",levetiracetam | gabapentin | phenytoin sodium (iv) | diazepam | lacosamide,levetiracetam | gabapentin,potassium chloride | potassium chloride replacement (critical care and oncology) | docusate sodium | magnesium sulfate | propofol,single_specialty_cooccurrence,levetiracetam(9) | gabapentin(3) | phenytoin sodium (iv)(2) | diazepam(1) | lacosamide(1),可直接使用,已优先保留核心治疗药，支持治疗药和通用辅助药移入低优先级
神经,"Epilepsy, unspecified, not intractable, without status epilepticus",levetiracetam | lamotrigine | lacosamide | gabapentin | oxcarbazepine,levetiracetam | lamotrigine,acetaminophen | oxycodone (immediate release) | lorazepam | docusate sodium | senna,single_specialty_cooccurrence,levetiracetam(227) | lamotrigine(135) | lacosamide(92) | gabapentin(82) | oxcarbazepine(45),可直接使用,已优先保留核心治疗药，支持治疗药和通用辅助药移入低优先级
神经,"Epileptic seizures related to external causes, not intractable, without status epilepticus",diazepam | lamotrigine | gabapentin | lacosamide | levetiracetam,diazepam | lamotrigine,acetaminophen | lorazepam | potassium chloride | clonidine | heparin,single_specialty_cooccurrence,diazepam(13) | lamotrigine(6) | gabapentin(5) | lacosamide(5) | levetiracetam(3),可直接使用,已优先保留核心治疗药，支持治疗药和通用辅助药移入低优先级
神经,Essential tremor,,,,single_specialty_cooccurrence,,背景共病,该诊断被标记为背景共病，不作为专科核心推荐依据
神经,"Extradural and subdural abscess, unspecified",,,,single_specialty_cooccurrence,,背景共病,该诊断被标记为背景共病，不作为专科核心推荐依据
神经,"Extrapyramidal and movement disorder, unspecified",,,,single_specialty_cooccurrence,,背景共病,该诊断被标记为背景共病，不作为专科核心推荐依据
神经,Familial dysautonomia [Riley-Day],,,,single_specialty_cooccurrence,,背景共病,该诊断被标记为背景共病，不作为专科核心推荐依据
神经,"Generalized idiopathic epilepsy and epileptic syndromes, intractable, with status epilepticus",levetiracetam | topiramate (topamax) | lamotrigine,levetiracetam | topiramate (topamax),potassium chloride replacement (critical care and oncology) | bisacodyl | heparin | influenza vaccine quadrivalent | acetaminophen,single_specialty_cooccurrence,levetiracetam(6) | topiramate (topamax)(4) | lamotrigine(2),可直接使用,已优先保留核心治疗药，支持治疗药和通用辅助药移入低优先级
神经,"Generalized idiopathic epilepsy and epileptic syndromes, intractable, without status epilepticus",lacosamide | lamotrigine | clobazam | pregabalin | zonisamide,lacosamide | lamotrigine,lorazepam | brivaracetam | acetaminophen | felbamate | heparin,single_specialty_cooccurrence,lacosamide(10) | lamotrigine(6) | clobazam(3) | pregabalin(1) | zonisamide(1),可直接使用,已优先保留核心治疗药，支持治疗药和通用辅助药移入低优先级
神经,"Generalized idiopathic epilepsy and epileptic syndromes, not intractable, without status epilepticus",levetiracetam | zonisamide | lacosamide | lamotrigine | topiramate (topamax),levetiracetam | zonisamide,divalproex (extended release) | acetaminophen | docusate sodium | heparin | lorazepam,single_specialty_cooccurrence,levetiracetam(3) | zonisamide(3) | lacosamide(2) | lamotrigine(2) | topiramate (topamax)(2),可直接使用,已优先保留核心治疗药，支持治疗药和通用辅助药移入低优先级
神经,Genetic torsion dystonia,,,,single_specialty_cooccurrence,,背景共病,该诊断被标记为背景共病，不作为专科核心推荐依据
神经,Guillain-Barre syndrome,,,,single_specialty_cooccurrence,,背景共病,该诊断被标记为背景共病，不作为专科核心推荐依据
神经,Hemicrania continua,,,,single_specialty_cooccurrence,,背景共病,该诊断被标记为背景共病，不作为专科核心推荐依据
神经,"Hemiplegia, unspecified affecting left dominant side",,,,single_specialty_cooccurrence,,背景共病,该诊断被标记为背景共病，不作为专科核心推荐依据
神经,"Hemiplegia, unspecified affecting left nondominant side",,,,single_specialty_cooccurrence,,背景共病,该诊断被标记为背景共病，不作为专科核心推荐依据
神经,"Hemiplegia, unspecified affecting right dominant side",,,,single_specialty_cooccurrence,,背景共病,该诊断被标记为背景共病，不作为专科核心推荐依据
神经,"Hemiplegic migraine, not intractable, without status migrainosus",gabapentin | levetiracetam,gabapentin | levetiracetam,acetaminophen | trazodone | heparin | warfarin | aspirin,single_specialty_cooccurrence,gabapentin(1) | levetiracetam(1),可直接使用,已优先保留核心治疗药，支持治疗药和通用辅助药移入低优先级
神经,"Hereditary and idiopathic neuropathy, unspecified",gabapentin | pregabalin | ropinirole,gabapentin | pregabalin,acetaminophen | senna | tramadol | warfarin | methadone,single_specialty_cooccurrence,gabapentin(2) | pregabalin(1) | ropinirole(1),可直接使用,已优先保留核心治疗药，支持治疗药和通用辅助药移入低优先级
神经,"Hereditary ataxia, unspecified",,,,single_specialty_cooccurrence,,背景共病,该诊断被标记为背景共病，不作为专科核心推荐依据
神经,Hereditary motor and sensory neuropathy,levetiracetam | topiramate (topamax) | pregabalin,levetiracetam | topiramate (topamax),docusate sodium | senna | acetaminophen | divalproex (extended release) | heparin,single_specialty_cooccurrence,levetiracetam(2) | topiramate (topamax)(2) | pregabalin(1),可直接使用,已优先保留核心治疗药，支持治疗药和通用辅助药移入低优先级
神经,Horner's syndrome,,,,single_specialty_cooccurrence,,背景共病,该诊断被标记为背景共病，不作为专科核心推荐依据
神经,Huntington's disease,,,,single_specialty_cooccurrence,,背景共病,该诊断被标记为背景共病，不作为专科核心推荐依据
神经,Hydrocephalus in diseases classified elsewhere,levetiracetam | zonisamide | diazepam,levetiracetam | zonisamide,dexamethasone | acetaminophen | bisacodyl | docusate sodium | ondansetron,single_specialty_cooccurrence,levetiracetam(4) | zonisamide(3) | diazepam(1),可直接使用,已优先保留核心治疗药，支持治疗药和通用辅助药移入低优先级
神经,"Hydrocephalus, unspecified",levetiracetam | diazepam | gabapentin | pregabalin | amantadine syrup,levetiracetam | diazepam,dexamethasone | acetaminophen | oxycodone (immediate release) | heparin | hydralazine,single_specialty_cooccurrence,levetiracetam(12) | diazepam(3) | gabapentin(2) | pregabalin(2) | amantadine syrup(1),可直接使用,已优先保留核心治疗药，支持治疗药和通用辅助药移入低优先级
神经,"Hypersomnia, unspecified",,,,single_specialty_cooccurrence,,背景共病,该诊断被标记为背景共病，不作为专科核心推荐依据
神经,Idiopathic hypersomnia without long sleep time,,,,single_specialty_cooccurrence,,背景共病,该诊断被标记为背景共病，不作为专科核心推荐依据
神经,Idiopathic orofacial dystonia,,,,single_specialty_cooccurrence,,背景共病,该诊断被标记为背景共病，不作为专科核心推荐依据
神经,Insomnia due to medical condition,,,,single_specialty_cooccurrence,,背景共病,该诊断被标记为背景共病，不作为专科核心推荐依据
神经,"Insomnia, unspecified",,,,single_specialty_cooccurrence,,背景共病,该诊断被标记为背景共病，不作为专科核心推荐依据
神经,Intracranial abscess and granuloma,levetiracetam | gabapentin | diazepam,levetiracetam | gabapentin,dexamethasone | acetaminophen | vancomycin | heparin | bisacodyl,single_specialty_cooccurrence,levetiracetam(13) | gabapentin(3) | diazepam(1),可直接使用,已优先保留核心治疗药，支持治疗药和通用辅助药移入低优先级
神经,Intracranial and intraspinal phlebitis and thrombophlebitis,levetiracetam | gabapentin | diazepam,levetiracetam | gabapentin,acetaminophen | warfarin | bisacodyl | oxycodone (immediate release) | dexamethasone,single_specialty_cooccurrence,levetiracetam(11) | gabapentin(5) | diazepam(2),可直接使用,已优先保留核心治疗药，支持治疗药和通用辅助药移入低优先级
神经,"Intracranial hypotension, unspecified",,,acetaminophen | heparin | senna,single_specialty_cooccurrence,,仅保留低优先级方案,当前未识别到明确核心治疗药，仅保留低优先级方案供参考
神经,Intraoperative hemorrhage and hematoma of a nervous system organ or structure complicating other procedure,,,,single_specialty_cooccurrence,,背景共病,该诊断被标记为背景共病，不作为专科核心推荐依据
神经,Intraspinal abscess and granuloma,,,,single_specialty_cooccurrence,,背景共病,该诊断被标记为背景共病，不作为专科核心推荐依据
神经,"Juvenile myoclonic epilepsy, intractable, without status epilepticus",clobazam,clobazam,acetaminophen | senna | brivaracetam | heparin | lorazepam,single_specialty_cooccurrence,clobazam(6),可直接使用,已优先保留核心治疗药，支持治疗药和通用辅助药移入低优先级
神经,"Juvenile myoclonic epilepsy, not intractable, without status epilepticus",zonisamide | lacosamide | lamotrigine | gabapentin | clobazam,zonisamide | lacosamide,acetaminophen | lamictal xr | heparin | lorazepam | docusate sodium,single_specialty_cooccurrence,zonisamide(7) | lacosamide(4) | lamotrigine(4) | gabapentin(2) | clobazam(1),可直接使用,已优先保留核心治疗药，支持治疗药和通用辅助药移入低优先级
神经,Late effects of intracranial abscess or pyogenic infection,pregabalin | lacosamide | phenytoin sodium extended | levetiracetam | clobazam,pregabalin | lacosamide,lorazepam | acetaminophen | heparin | docusate sodium | oxycodone (immediate release),single_specialty_cooccurrence,pregabalin(24) | lacosamide(22) | phenytoin sodium extended(21) | levetiracetam(19) | clobazam(15),可直接使用,已优先保留核心治疗药，支持治疗药和通用辅助药移入低优先级
神经,"Lennox-Gastaut syndrome, intractable, without status epilepticus",levetiracetam | clobazam | diazepam | zonisamide | lacosamide,levetiracetam | clobazam,risperidone | heparin | senna | bacitracin ointment | benztropine mesylate,single_specialty_cooccurrence,levetiracetam(3) | clobazam(2) | diazepam(2) | zonisamide(2) | lacosamide(1),可直接使用,已优先保留核心治疗药，支持治疗药和通用辅助药移入低优先级
神经,"Lennox-Gastaut syndrome, not intractable, without status epilepticus",clobazam | lamotrigine,clobazam | lamotrigine,lorazepam | acetaminophen | potassium chloride | sw | flumazenil,single_specialty_cooccurrence,clobazam(4) | lamotrigine(3),可直接使用,已优先保留核心治疗药，支持治疗药和通用辅助药移入低优先级
神经,"Lesion of femoral nerve, left lower limb",,,,single_specialty_cooccurrence,,背景共病,该诊断被标记为背景共病，不作为专科核心推荐依据
神经,"Lesion of femoral nerve, right lower limb",,,,single_specialty_cooccurrence,,背景共病,该诊断被标记为背景共病，不作为专科核心推荐依据
神经,"Lesion of lateral popliteal nerve, right lower limb",,,,single_specialty_cooccurrence,,背景共病,该诊断被标记为背景共病，不作为专科核心推荐依据
神经,"Lesion of lateral popliteal nerve, unspecified lower limb",,,,single_specialty_cooccurrence,,背景共病,该诊断被标记为背景共病，不作为专科核心推荐依据
神经,"Lesion of medial popliteal nerve, left lower limb",,,,single_specialty_cooccurrence,,背景共病,该诊断被标记为背景共病，不作为专科核心推荐依据
神经,"Lesion of radial nerve, left upper limb",,,,single_specialty_cooccurrence,,背景共病,该诊断被标记为背景共病，不作为专科核心推荐依据
神经,"Lesion of radial nerve, right upper limb",,,,single_specialty_cooccurrence,,背景共病,该诊断被标记为背景共病，不作为专科核心推荐依据
神经,"Lesion of sciatic nerve, left lower limb",,,,single_specialty_cooccurrence,,背景共病,该诊断被标记为背景共病，不作为专科核心推荐依据
神经,"Lesion of ulnar nerve, left upper limb",,,,single_specialty_cooccurrence,,背景共病,该诊断被标记为背景共病，不作为专科核心推荐依据
神经,"Lesion of ulnar nerve, right upper limb",,,,single_specialty_cooccurrence,,背景共病,该诊断被标记为背景共病，不作为专科核心推荐依据
神经,"Lesion of ulnar nerve, unspecified upper limb",,,,single_specialty_cooccurrence,,背景共病,该诊断被标记为背景共病，不作为专科核心推荐依据
神经,"Localization-related (focal) (partial) idiopathic epilepsy and epileptic syndromes with seizures of localized onset, intractable, without status epilepticus",clobazam,clobazam,lamictal xr | heparin | ibuprofen | lorazepam | nicotine patch,single_specialty_cooccurrence,clobazam(4),可直接使用,已优先保留核心治疗药，支持治疗药和通用辅助药移入低优先级
神经,"Localization-related (focal) (partial) idiopathic epilepsy and epileptic syndromes with seizures of localized onset, not intractable, without status epilepticus",levetiracetam,levetiracetam,acetaminophen | docusate sodium | heparin | influenza vaccine quadrivalent | lorazepam,single_specialty_cooccurrence,levetiracetam(1),可直接使用,已优先保留核心治疗药，支持治疗药和通用辅助药移入低优先级
神经,"Localization-related (focal) (partial) symptomatic epilepsy and epileptic syndromes with complex partial seizures, intractable, with status epilepticus",lamotrigine | levetiracetam | lacosamide | zonisamide,lamotrigine | levetiracetam,potassium chloride replacement (critical care and oncology) | potassium chloride | calcium gluconate | heparin | sterile water,single_specialty_cooccurrence,lamotrigine(9) | levetiracetam(5) | lacosamide(1) | zonisamide(1),可直接使用,已优先保留核心治疗药，支持治疗药和通用辅助药移入低优先级
神经,"Localization-related (focal) (partial) symptomatic epilepsy and epileptic syndromes with complex partial seizures, intractable, without status epilepticus",lacosamide | lamotrigine | clobazam | oxcarbazepine | zonisamide,lacosamide | lamotrigine,lorazepam | heparin | acetaminophen | haloperidol | docusate sodium,single_specialty_cooccurrence,lacosamide(50) | lamotrigine(27) | clobazam(22) | oxcarbazepine(15) | zonisamide(15),可直接使用,已优先保留核心治疗药，支持治疗药和通用辅助药移入低优先级
神经,"Localization-related (focal) (partial) symptomatic epilepsy and epileptic syndromes with complex partial seizures, not intractable, with status epilepticus",levetiracetam | midazolam | lacosamide | lamotrigine | oxcarbazepine,levetiracetam | midazolam,acetaminophen | d5ns | heparin | potassium chloride | sterile water,single_specialty_cooccurrence,levetiracetam(2) | midazolam(2) | lacosamide(1) | lamotrigine(1) | oxcarbazepine(1),可直接使用,已优先保留核心治疗药，支持治疗药和通用辅助药移入低优先级
神经,"Localization-related (focal) (partial) symptomatic epilepsy and epileptic syndromes with complex partial seizures, not intractable, without status epilepticus",levetiracetam | lacosamide | lamotrigine | zonisamide | pregabalin,levetiracetam | lacosamide,lorazepam | acetaminophen | heparin | docusate sodium | senna,single_specialty_cooccurrence,levetiracetam(79) | lacosamide(40) | lamotrigine(33) | zonisamide(19) | pregabalin(18),可直接使用,已优先保留核心治疗药，支持治疗药和通用辅助药移入低优先级
神经,"Localization-related (focal) (partial) symptomatic epilepsy and epileptic syndromes with simple partial seizures, intractable, without status epilepticus",lacosamide | clobazam | zonisamide | levetiracetam | lamotrigine,lacosamide | clobazam,lorazepam | acetaminophen | heparin | lamictal xr | senna,single_specialty_cooccurrence,lacosamide(67) | clobazam(33) | zonisamide(26) | levetiracetam(18) | lamotrigine(15),可直接使用,已优先保留核心治疗药，支持治疗药和通用辅助药移入低优先级
神经,"Localization-related (focal) (partial) symptomatic epilepsy and epileptic syndromes with simple partial seizures, not intractable, with status epilepticus",lacosamide | levetiracetam,lacosamide | levetiracetam,docusate sodium | senna | clindamycin | hydroxychloroquine sulfate | latanoprost 0.005% ophth. soln.,single_specialty_cooccurrence,lacosamide(1) | levetiracetam(1),可直接使用,已优先保留核心治疗药，支持治疗药和通用辅助药移入低优先级
神经,"Localization-related (focal) (partial) symptomatic epilepsy and epileptic syndromes with simple partial seizures, not intractable, without status epilepticus",levetiracetam | lacosamide | lamotrigine | zonisamide | oxcarbazepine,levetiracetam | lacosamide,lorazepam | acetaminophen | heparin | senna | docusate sodium,single_specialty_cooccurrence,levetiracetam(67) | lacosamide(56) | lamotrigine(43) | zonisamide(23) | oxcarbazepine(19),可直接使用,已优先保留核心治疗药，支持治疗药和通用辅助药移入低优先级
神经,Lumbosacral plexus disorders,,,,single_specialty_cooccurrence,,背景共病,该诊断被标记为背景共病，不作为专科核心推荐依据
神经,"Lumbosacral root disorders, not elsewhere classified",,,,single_specialty_cooccurrence,,背景共病,该诊断被标记为背景共病，不作为专科核心推荐依据
神经,Melkersson's syndrome,,,,single_specialty_cooccurrence,,背景共病,该诊断被标记为背景共病，不作为专科核心推荐依据
神经,Meningitis due to other specified causes,levetiracetam | phenytoin sodium | gabapentin | phenytoin (suspension) | levetiracetam oral solution,levetiracetam | phenytoin sodium,haloperidol | potassium chloride | acetaminophen | lorazepam | sw,single_specialty_cooccurrence,levetiracetam(12) | phenytoin sodium(6) | gabapentin(5) | phenytoin (suspension)(5) | levetiracetam oral solution(4),可直接使用,已优先保留核心治疗药，支持治疗药和通用辅助药移入低优先级
神经,"Meningitis, unspecified",gabapentin | pregabalin,gabapentin | pregabalin,oxycodone (immediate release) | acetaminophen | acetaminophen-caff-butalbital | vancomycin | bisacodyl,single_specialty_cooccurrence,gabapentin(2) | pregabalin(1),可直接使用,已优先保留核心治疗药，支持治疗药和通用辅助药移入低优先级
神经,Meningococcal encephalitis,diazepam,diazepam,haloperidol | thiamine | hydromorphone (dilaudid) | morphine sulfate ir | acetaminophen,single_specialty_cooccurrence,diazepam(1),可直接使用,已优先保留核心治疗药，支持治疗药和通用辅助药移入低优先级
神经,Meningococcal meningitis,midazolam,midazolam,potassium chloride | neutra-phos | ceftriaxone | magnesium sulfate | acetaminophen,single_specialty_cooccurrence,midazolam(2),可直接使用,已优先保留核心治疗药，支持治疗药和通用辅助药移入低优先级
神经,Meningococcemia,,,potassium chloride | neutra-phos | ceftriaxone | furosemide | magnesium sulfate,single_specialty_cooccurrence,,仅保留低优先级方案,当前未识别到明确核心治疗药，仅保留低优先级方案供参考
神经,"Meralgia paresthetica, right lower limb",,,,single_specialty_cooccurrence,,背景共病,该诊断被标记为背景共病，不作为专科核心推荐依据
神经,"Meralgia paresthetica, unspecified lower limb",,,,single_specialty_cooccurrence,,背景共病,该诊断被标记为背景共病，不作为专科核心推荐依据
神经,Metabolic encephalopathy,diazepam - ciwa protocol,diazepam - ciwa protocol,dexamethasone | hydromorphone (dilaudid) | potassium chloride | acetaminophen | acyclovir,single_specialty_cooccurrence,diazepam - ciwa protocol(2),可直接使用,已优先保留核心治疗药，支持治疗药和通用辅助药移入低优先级
神经,"Migraine with aura, intractable, with status migrainosus",,,promethazine | diphenhydramine | lorazepam | dihydroergotamine mesylate | heparin flush (10 units/ml),single_specialty_cooccurrence,,仅保留低优先级方案,当前未识别到明确核心治疗药，仅保留低优先级方案供参考
神经,"Migraine with aura, not intractable, with status migrainosus",gabapentin,gabapentin,oxycodone (immediate release) | 0.9% sodium chloride (mini bag plus) | acetaminophen | acyclovir | ceftriaxone,single_specialty_cooccurrence,gabapentin(1),可直接使用,已优先保留核心治疗药，支持治疗药和通用辅助药移入低优先级
神经,"Migraine with aura, not intractable, without status migrainosus",levetiracetam | diazepam | gabapentin | topiramate (topamax) | lacosamide,levetiracetam | diazepam,acetaminophen | heparin | docusate sodium | senna | ondansetron,single_specialty_cooccurrence,levetiracetam(11) | diazepam(2) | gabapentin(2) | topiramate (topamax)(2) | lacosamide(1),可直接使用,已优先保留核心治疗药，支持治疗药和通用辅助药移入低优先级
神经,"Migraine without aura, not intractable, without status migrainosus",lamotrigine | diazepam | topiramate (topamax) | zonisamide,lamotrigine | diazepam,acetaminophen | keppra xr | eslicarbazepine | heparin | ibuprofen,single_specialty_cooccurrence,lamotrigine(3) | diazepam(2) | topiramate (topamax)(1) | zonisamide(1),可直接使用,已优先保留核心治疗药，支持治疗药和通用辅助药移入低优先级
神经,"Migraine, unspecified, intractable, with status migrainosus",,,dihydroergotamine mesylate | prochlorperazine | diphenhydramine | lorazepam | magnesium sulfate,single_specialty_cooccurrence,,仅保留低优先级方案,当前未识别到明确核心治疗药，仅保留低优先级方案供参考
神经,"Migraine, unspecified, intractable, without status migrainosus",topiramate (topamax),topiramate (topamax),prednisone | acetaminophen | amitriptyline | dermoplast spray | docusate sodium,single_specialty_cooccurrence,topiramate (topamax)(1),可直接使用,已优先保留核心治疗药，支持治疗药和通用辅助药移入低优先级
神经,"Migraine, unspecified, not intractable, with status migrainosus",,,methylprednisolone | diphenhydramine | metoclopramide | candesartan | dihydroergotamine mesylate,single_specialty_cooccurrence,,仅保留低优先级方案,当前未识别到明确核心治疗药，仅保留低优先级方案供参考
神经,"Migraine, unspecified, not intractable, without status migrainosus",gabapentin | levetiracetam | topiramate (topamax) | lamotrigine | diazepam,gabapentin | levetiracetam,acetaminophen | oxycodone (immediate release) | docusate sodium | senna | heparin,single_specialty_cooccurrence,gabapentin(102) | levetiracetam(82) | topiramate (topamax)(63) | lamotrigine(42) | diazepam(38),可直接使用,已优先保留核心治疗药，支持治疗药和通用辅助药移入低优先级
神经,Mild cognitive impairment of uncertain or unknown etiology,,,,single_specialty_cooccurrence,,背景共病,该诊断被标记为背景共病，不作为专科核心推荐依据
神经,"Mitochondrial myopathy, not elsewhere classified",,,,single_specialty_cooccurrence,,背景共病,该诊断被标记为背景共病，不作为专科核心推荐依据
神经,Mononeuritis multiplex,,,,single_specialty_cooccurrence,,背景共病,该诊断被标记为背景共病，不作为专科核心推荐依据
神经,Monoplegia of lower limb affecting left nondominant side,,,,single_specialty_cooccurrence,,背景共病,该诊断被标记为背景共病，不作为专科核心推荐依据
神经,Monoplegia of lower limb affecting right dominant side,,,,single_specialty_cooccurrence,,背景共病,该诊断被标记为背景共病，不作为专科核心推荐依据
神经,Monoplegia of lower limb affecting unspecified side,,,,single_specialty_cooccurrence,,背景共病,该诊断被标记为背景共病，不作为专科核心推荐依据
神经,Monoplegia of upper limb affecting left nondominant side,,,,single_specialty_cooccurrence,,背景共病,该诊断被标记为背景共病，不作为专科核心推荐依据
神经,Monoplegia of upper limb affecting right dominant side,,,,single_specialty_cooccurrence,,背景共病,该诊断被标记为背景共病，不作为专科核心推荐依据
神经,Multi-system degeneration of the autonomic nervous system,,,,single_specialty_cooccurrence,,背景共病,该诊断被标记为背景共病，不作为专科核心推荐依据
神经,Multifocal motor neuropathy,,,acetaminophen | docusate sodium | heparin | senna,single_specialty_cooccurrence,,仅保留低优先级方案,当前未识别到明确核心治疗药，仅保留低优先级方案供参考
神经,Multiple sclerosis,baclofen | gabapentin | diazepam | levetiracetam | oxcarbazepine,baclofen | gabapentin,acetaminophen | heparin | potassium chloride | insulin | docusate sodium,single_specialty_cooccurrence,baclofen(649) | gabapentin(505) | diazepam(232) | levetiracetam(210) | oxcarbazepine(138),可直接使用,已优先保留核心治疗药，支持治疗药和通用辅助药移入低优先级
神经,Muscular dystrophy,,,,single_specialty_cooccurrence,,背景共病,该诊断被标记为背景共病，不作为专科核心推荐依据
神经,"Muscular dystrophy, unspecified",,,,single_specialty_cooccurrence,,背景共病,该诊断被标记为背景共病，不作为专科核心推荐依据
神经,Myasthenia gravis with (acute) exacerbation,,,,single_specialty_cooccurrence,,背景共病,该诊断被标记为背景共病，不作为专科核心推荐依据
神经,Myasthenia gravis without (acute) exacerbation,,,,single_specialty_cooccurrence,,背景共病,该诊断被标记为背景共病，不作为专科核心推荐依据
神经,Myelitis in diseases classified elsewhere,,,methylprednisolone | prednisone | acetaminophen | methylprednisolone na suc | tramadol,single_specialty_cooccurrence,,仅保留低优先级方案,当前未识别到明确核心治疗药，仅保留低优先级方案供参考
神经,Myelopathy in diseases classified elsewhere,gabapentin | diazepam | phenytoin (suspension) | pregabalin,gabapentin | diazepam,bisacodyl | hydromorphone (dilaudid) | acetaminophen | oxycodone (immediate release) | senna,single_specialty_cooccurrence,gabapentin(34) | diazepam(12) | phenytoin (suspension)(2) | pregabalin(1),可直接使用,已优先保留核心治疗药，支持治疗药和通用辅助药移入低优先级
神经,Myoclonus,,,,single_specialty_cooccurrence,,背景共病,该诊断被标记为背景共病，不作为专科核心推荐依据
神经,"Myoneural disorder, unspecified",,,,single_specialty_cooccurrence,,背景共病,该诊断被标记为背景共病，不作为专科核心推荐依据
神经,"Myopathy, unspecified",,,,single_specialty_cooccurrence,,背景共病,该诊断被标记为背景共病，不作为专科核心推荐依据
神经,Myotonic muscular dystrophy,,,,single_specialty_cooccurrence,,背景共病,该诊断被标记为背景共病，不作为专科核心推荐依据
神经,Narcolepsy without cataplexy,,,,single_specialty_cooccurrence,,背景共病,该诊断被标记为背景共病，不作为专科核心推荐依据
神经,Neoplasm related pain (acute) (chronic),,,,single_specialty_cooccurrence,,背景共病,该诊断被标记为背景共病，不作为专科核心推荐依据
神经,Nerve root and plexus compressions in diseases classified elsewhere,,,,single_specialty_cooccurrence,,背景共病,该诊断被标记为背景共病，不作为专科核心推荐依据
神经,"Nerve root and plexus disorder, unspecified",,,,single_specialty_cooccurrence,,背景共病,该诊断被标记为背景共病，不作为专科核心推荐依据
神经,Neurocognitive disorder with Lewy bodies,,,,single_specialty_cooccurrence,,背景共病,该诊断被标记为背景共病，不作为专科核心推荐依据
神经,Neuroleptic induced parkinsonism,,,lorazepam | lithium carbonate | benztropine mesylate | olanzapine | quetiapine fumarate,single_specialty_cooccurrence,,仅保留低优先级方案,当前未识别到明确核心治疗药，仅保留低优先级方案供参考
神经,Neuromyelitis optica [Devic],gabapentin | baclofen | levetiracetam | diazepam,gabapentin | baclofen,methylprednisolone na suc | acetaminophen | heparin | senna | vitamin d,single_specialty_cooccurrence,gabapentin(6) | baclofen(4) | levetiracetam(3) | diazepam(2),可直接使用,已优先保留核心治疗药，支持治疗药和通用辅助药移入低优先级
神经,Nonpyogenic meningitis,diazepam | gabapentin | lamotrigine,diazepam | gabapentin,acetaminophen | acyclovir | vancomycin | ceftriaxone | heparin,single_specialty_cooccurrence,diazepam(2) | gabapentin(2) | lamotrigine(1),可直接使用,已优先保留核心治疗药，支持治疗药和通用辅助药移入低优先级
神经,Obstructive hydrocephalus,levetiracetam | lacosamide | lamotrigine | zonisamide | amantadine syrup,levetiracetam | lacosamide,dexamethasone | acetaminophen | heparin | docusate sodium | ondansetron,single_specialty_cooccurrence,levetiracetam(14) | lacosamide(5) | lamotrigine(4) | zonisamide(4) | amantadine syrup(3),可直接使用,已优先保留核心治疗药，支持治疗药和通用辅助药移入低优先级
神经,Obstructive sleep apnea (adult) (pediatric),gabapentin | diazepam | lamotrigine | lacosamide | levetiracetam,gabapentin | diazepam,acetaminophen | oxycodone (immediate release) | docusate sodium | senna | hydromorphone (dilaudid),single_specialty_cooccurrence,gabapentin(69) | diazepam(41) | lamotrigine(19) | lacosamide(18) | levetiracetam(16),可直接使用,已优先保留核心治疗药，支持治疗药和通用辅助药移入低优先级
神经,"Ophthalmoplegic migraine, not intractable",gabapentin | diazepam,gabapentin | diazepam,acetaminophen | docusate sodium | aspirin | bisacodyl | oxycodone (immediate release),single_specialty_cooccurrence,gabapentin(2) | diazepam(1),可直接使用,已优先保留核心治疗药，支持治疗药和通用辅助药移入低优先级
神经,Other acute postprocedural pain,,,,single_specialty_cooccurrence,,背景共病,该诊断被标记为背景共病，不作为专科核心推荐依据
神经,Other cerebral palsy,lamotrigine | zonisamide | oxcarbazepine | levetiracetam | lacosamide,lamotrigine | zonisamide,acetaminophen | lorazepam | heparin | senna | docusate sodium,single_specialty_cooccurrence,lamotrigine(11) | zonisamide(11) | oxcarbazepine(8) | levetiracetam(4) | lacosamide(2),可直接使用,已优先保留核心治疗药，支持治疗药和通用辅助药移入低优先级
神经,Other chronic pain,,,,single_specialty_cooccurrence,,背景共病,该诊断被标记为背景共病，不作为专科核心推荐依据
神经,Other chronic postprocedural pain,,,,single_specialty_cooccurrence,,背景共病,该诊断被标记为背景共病，不作为专科核心推荐依据
神经,Other complicated headache syndrome,zonisamide,zonisamide,lorazepam | neutra-phos | prednisone | acetaminophen | ampicillin sodium,single_specialty_cooccurrence,zonisamide(5),可直接使用,已优先保留核心治疗药，支持治疗药和通用辅助药移入低优先级
神经,Other cord compression,,,,single_specialty_cooccurrence,,背景共病,该诊断被标记为背景共病，不作为专科核心推荐依据
神经,Other cranial cerebrospinal fluid leak,diazepam | levetiracetam | lamotrigine,diazepam | levetiracetam,docusate sodium | senna | acetaminophen | oxycodone (immediate release) | bisacodyl,single_specialty_cooccurrence,diazepam(2) | levetiracetam(2) | lamotrigine(1),可直接使用,已优先保留核心治疗药，支持治疗药和通用辅助药移入低优先级
神经,Other disorders of autonomic nervous system,,,,single_specialty_cooccurrence,,背景共病,该诊断被标记为背景共病，不作为专科核心推荐依据
神经,Other disorders of facial nerve,,,,single_specialty_cooccurrence,,背景共病,该诊断被标记为背景共病，不作为专科核心推荐依据
神经,"Other disorders of meninges, not elsewhere classified",lamotrigine | levetiracetam | diazepam | clobazam | pregabalin,lamotrigine | levetiracetam,acetaminophen | senna | oxycodone (immediate release) | bisacodyl | docusate sodium,single_specialty_cooccurrence,lamotrigine(10) | levetiracetam(8) | diazepam(5) | clobazam(2) | pregabalin(2),可直接使用,已优先保留核心治疗药，支持治疗药和通用辅助药移入低优先级
神经,Other disorders of nervous system,,,,single_specialty_cooccurrence,,背景共病,该诊断被标记为背景共病，不作为专科核心推荐依据
神经,Other disorders of trigeminal nerve,,,,single_specialty_cooccurrence,,背景共病,该诊断被标记为背景共病，不作为专科核心推荐依据
神经,Other drug induced dystonia,,,,single_specialty_cooccurrence,,背景共病,该诊断被标记为背景共病，不作为专科核心推荐依据
神经,Other drug induced movement disorders,,,,single_specialty_cooccurrence,,背景共病,该诊断被标记为背景共病，不作为专科核心推荐依据
神经,Other drug induced secondary parkinsonism,lamotrigine,lamotrigine,lorazepam | vitamin e | acetaminophen | aripiprazole | docusate sodium,single_specialty_cooccurrence,lamotrigine(1),可直接使用,已优先保留核心治疗药，支持治疗药和通用辅助药移入低优先级
神经,Other dystonia,,,,single_specialty_cooccurrence,,背景共病,该诊断被标记为背景共病，不作为专科核心推荐依据
神经,Other encephalitis and encephalomyelitis,zonisamide | levetiracetam | lamotrigine | baclofen | diazepam,zonisamide | levetiracetam,lorazepam | acetaminophen | acetaminophen iv | iso-osmotic sodium chloride | acyclovir,single_specialty_cooccurrence,zonisamide(7) | levetiracetam(5) | lamotrigine(3) | baclofen(1) | diazepam(1),可直接使用,已优先保留核心治疗药，支持治疗药和通用辅助药移入低优先级
神经,Other encephalopathy,lamotrigine | levetiracetam | lacosamide | clobazam | diazepam,lamotrigine | levetiracetam,lorazepam | acetaminophen | dexamethasone | potassium chloride | senna,single_specialty_cooccurrence,lamotrigine(8) | levetiracetam(8) | lacosamide(7) | clobazam(1) | diazepam(1),可直接使用,已优先保留核心治疗药，支持治疗药和通用辅助药移入低优先级
神经,"Other epilepsy, intractable, with status epilepticus",fosphenytoin | zonisamide,fosphenytoin | zonisamide,oxycodone (immediate release) | clonazepam | folic acid | thiamine | trazodone,single_specialty_cooccurrence,fosphenytoin(1) | zonisamide(1),可直接使用,已优先保留核心治疗药，支持治疗药和通用辅助药移入低优先级
神经,"Other epilepsy, intractable, without status epilepticus",lacosamide | clobazam | levetiracetam | oxcarbazepine | zonisamide,lacosamide | clobazam,quetiapine fumarate | acetaminophen | bisacodyl | dexamethasone | brivaracetam,single_specialty_cooccurrence,lacosamide(7) | clobazam(5) | levetiracetam(5) | oxcarbazepine(5) | zonisamide(1),可直接使用,已优先保留核心治疗药，支持治疗药和通用辅助药移入低优先级
神经,"Other epilepsy, not intractable, without status epilepticus",lacosamide | levetiracetam | lamotrigine | clobazam | zonisamide,lacosamide | levetiracetam,lorazepam | acetaminophen | dexamethasone | heparin | senna,single_specialty_cooccurrence,lacosamide(40) | levetiracetam(36) | lamotrigine(30) | clobazam(10) | zonisamide(10),可直接使用,已优先保留核心治疗药，支持治疗药和通用辅助药移入低优先级
神经,Other frontotemporal neurocognitive disorder,,,,single_specialty_cooccurrence,,背景共病,该诊断被标记为背景共病，不作为专科核心推荐依据
神经,"Other generalized epilepsy and epileptic syndromes, intractable, without status epilepticus",lamotrigine | clobazam | zonisamide | levetiracetam | lacosamide,lamotrigine | clobazam,lorazepam | carbamazepine (extended-release) | heparin | clonazepam | lamictal xr,single_specialty_cooccurrence,lamotrigine(21) | clobazam(15) | zonisamide(15) | levetiracetam(10) | lacosamide(9),可直接使用,已优先保留核心治疗药，支持治疗药和通用辅助药移入低优先级
神经,"Other generalized epilepsy and epileptic syndromes, not intractable, with status epilepticus",levetiracetam | diazepam - ciwa protocol | lacosamide | midazolam | oxcarbazepine,levetiracetam | diazepam - ciwa protocol,potassium chloride | calcium gluconate | iso-osmotic sodium chloride | sw | acetaminophen,single_specialty_cooccurrence,levetiracetam(12) | diazepam - ciwa protocol(3) | lacosamide(3) | midazolam(1) | oxcarbazepine(1),可直接使用,已优先保留核心治疗药，支持治疗药和通用辅助药移入低优先级
神经,"Other generalized epilepsy and epileptic syndromes, not intractable, without status epilepticus",levetiracetam | zonisamide | lamotrigine | lacosamide | pregabalin,levetiracetam | zonisamide,acetaminophen | lorazepam | heparin | senna | docusate sodium,single_specialty_cooccurrence,levetiracetam(102) | zonisamide(51) | lamotrigine(41) | lacosamide(30) | pregabalin(21),可直接使用,已优先保留核心治疗药，支持治疗药和通用辅助药移入低优先级
神经,Other headache syndrome,diazepam | gabapentin | levetiracetam,diazepam | gabapentin,acetaminophen | lorazepam | heparin | ketorolac | ondansetron,single_specialty_cooccurrence,diazepam(2) | gabapentin(2) | levetiracetam(2),可直接使用,已优先保留核心治疗药，支持治疗药和通用辅助药移入低优先级
神经,Other hereditary and idiopathic neuropathies,gabapentin,gabapentin,heparin | albuterol 0.083% neb soln | albuterol inhaler | docusate sodium | guaifenesin,single_specialty_cooccurrence,gabapentin(1),可直接使用,已优先保留核心治疗药，支持治疗药和通用辅助药移入低优先级
神经,Other hereditary ataxias,,,,single_specialty_cooccurrence,,背景共病,该诊断被标记为背景共病，不作为专科核心推荐依据
神经,Other hydrocephalus,gabapentin | levetiracetam | midazolam,gabapentin | levetiracetam,heparin | oxycodone (immediate release) | vancomycin | acetaminophen | bisacodyl,single_specialty_cooccurrence,gabapentin(3) | levetiracetam(2) | midazolam(2),可直接使用,已优先保留核心治疗药，支持治疗药和通用辅助药移入低优先级
神经,Other hypersomnia,,,,single_specialty_cooccurrence,,背景共病,该诊断被标记为背景共病，不作为专科核心推荐依据
神经,Other insomnia,,,,single_specialty_cooccurrence,,背景共病,该诊断被标记为背景共病，不作为专科核心推荐依据
神经,Other intraoperative complications of nervous system,,,,single_specialty_cooccurrence,,背景共病,该诊断被标记为背景共病，不作为专科核心推荐依据
神经,"Other lesions of median nerve, bilateral upper limbs",,,,single_specialty_cooccurrence,,背景共病,该诊断被标记为背景共病，不作为专科核心推荐依据
神经,"Other lesions of median nerve, left upper limb",,,,single_specialty_cooccurrence,,背景共病,该诊断被标记为背景共病，不作为专科核心推荐依据
神经,"Other lesions of median nerve, right upper limb",,,,single_specialty_cooccurrence,,背景共病,该诊断被标记为背景共病，不作为专科核心推荐依据
神经,Other localized salmonella infections,,,,single_specialty_cooccurrence,,背景共病,该诊断被标记为背景共病，不作为专科核心推荐依据
神经,"Other migraine, intractable, without status migrainosus",,,metoclopramide | acetaminophen | acyclovir | diphenhydramine | docusate sodium,single_specialty_cooccurrence,,仅保留低优先级方案,当前未识别到明确核心治疗药，仅保留低优先级方案供参考
神经,"Other migraine, not intractable, without status migrainosus",gabapentin | pregabalin | topiramate (topamax) | diazepam | levetiracetam,gabapentin | pregabalin,acetaminophen | docusate sodium | heparin | influenza vaccine quadrivalent | senna,single_specialty_cooccurrence,gabapentin(3) | pregabalin(3) | topiramate (topamax)(3) | diazepam(2) | levetiracetam(2),可直接使用,已优先保留核心治疗药，支持治疗药和通用辅助药移入低优先级
神经,Other myelitis,gabapentin,gabapentin,prednisone | acetaminophen | acyclovir | bisacodyl | cyclobenzaprine,single_specialty_cooccurrence,gabapentin(1),可直接使用,已优先保留核心治疗药，支持治疗药和通用辅助药移入低优先级
神经,Other nerve root and plexus disorders,,,,single_specialty_cooccurrence,,背景共病,该诊断被标记为背景共病，不作为专科核心推荐依据
神经,Other postprocedural complications and disorders of nervous system,,,,single_specialty_cooccurrence,,背景共病,该诊断被标记为背景共病，不作为专科核心推荐依据
神经,Other reaction to spinal and lumbar puncture,,,,single_specialty_cooccurrence,,背景共病,该诊断被标记为背景共病，不作为专科核心推荐依据
神经,Other seizures,levetiracetam | diazepam | fosphenytoin | lacosamide | lamotrigine,levetiracetam | diazepam,acetaminophen | dexamethasone | heparin | lorazepam | senna,single_specialty_cooccurrence,levetiracetam(78) | diazepam(13) | fosphenytoin(12) | lacosamide(8) | lamotrigine(7),可直接使用,已优先保留核心治疗药，支持治疗药和通用辅助药移入低优先级
神经,Other sleep apnea,pregabalin,pregabalin,acetaminophen | heparin | acetaminophen iv | albuterol inhaler | d5 1/2ns,single_specialty_cooccurrence,pregabalin(1),可直接使用,已优先保留核心治疗药，支持治疗药和通用辅助药移入低优先级
神经,Other sleep disorders,,,,single_specialty_cooccurrence,,背景共病,该诊断被标记为背景共病，不作为专科核心推荐依据
神经,Other specified degenerative diseases of basal ganglia,,,,single_specialty_cooccurrence,,背景共病,该诊断被标记为背景共病，不作为专科核心推荐依据
神经,Other specified degenerative diseases of nervous system,,,,single_specialty_cooccurrence,,背景共病,该诊断被标记为背景共病，不作为专科核心推荐依据
神经,Other specified demyelinating diseases of central nervous system,,,,single_specialty_cooccurrence,,背景共病,该诊断被标记为背景共病，不作为专科核心推荐依据
神经,Other specified diseases of spinal cord,,,,single_specialty_cooccurrence,,背景共病,该诊断被标记为背景共病，不作为专科核心推荐依据
神经,Other specified disorders of brain,levetiracetam | lacosamide | zonisamide | phenytoin sodium extended | clobazam,levetiracetam | lacosamide,acetaminophen | heparin | dexamethasone | senna | docusate sodium,single_specialty_cooccurrence,levetiracetam(80) | lacosamide(28) | zonisamide(27) | phenytoin sodium extended(21) | clobazam(14),可直接使用,已优先保留核心治疗药，支持治疗药和通用辅助药移入低优先级
神经,Other specified disorders of central nervous system,,,,single_specialty_cooccurrence,,背景共病,该诊断被标记为背景共病，不作为专科核心推荐依据
神经,Other specified extrapyramidal and movement disorders,,,,single_specialty_cooccurrence,,背景共病,该诊断被标记为背景共病，不作为专科核心推荐依据
神经,Other specified forms of tremor,,,,single_specialty_cooccurrence,,背景共病,该诊断被标记为背景共病，不作为专科核心推荐依据
神经,Other specified mononeuropathies,gabapentin | lamotrigine | pregabalin,gabapentin | lamotrigine,acetaminophen | oxycodone (immediate release) | docusate sodium | ondansetron | tacrolimus,single_specialty_cooccurrence,gabapentin(9) | lamotrigine(1) | pregabalin(1),可直接使用,已优先保留核心治疗药，支持治疗药和通用辅助药移入低优先级
神经,Other specified mononeuropathies of left lower limb,gabapentin,gabapentin,acetaminophen | hydromorphone (dilaudid) | diphenhydramine | aripiprazole | bupropion xl (once daily),single_specialty_cooccurrence,gabapentin(2),可直接使用,已优先保留核心治疗药，支持治疗药和通用辅助药移入低优先级
神经,Other specified mononeuropathies of left upper limb,,,hydrocodone-acetaminophen (5mg-325mg) | bisacodyl | blue cadd cassette | ropivacaine 0.2% | acetaminophen,single_specialty_cooccurrence,,仅保留低优先级方案,当前未识别到明确核心治疗药，仅保留低优先级方案供参考
神经,Other specified mononeuropathies of right upper limb,,,acetaminophen | cefazolin | ondansetron | oxycodone (immediate release) | scopolamine patch,single_specialty_cooccurrence,,仅保留低优先级方案,当前未识别到明确核心治疗药，仅保留低优先级方案供参考
神经,Other specified muscular dystrophies,,,,single_specialty_cooccurrence,,背景共病,该诊断被标记为背景共病，不作为专科核心推荐依据
神经,Other specified myoneural disorders,,,,single_specialty_cooccurrence,,背景共病,该诊断被标记为背景共病，不作为专科核心推荐依据
神经,Other specified myopathies,,,,single_specialty_cooccurrence,,背景共病,该诊断被标记为背景共病，不作为专科核心推荐依据
神经,Other specified paralytic syndromes,,,,single_specialty_cooccurrence,,背景共病,该诊断被标记为背景共病，不作为专科核心推荐依据
神经,Other specified polyneuropathies,gabapentin | lamotrigine | pregabalin | levetiracetam | zonisamide,gabapentin | lamotrigine,acetaminophen | senna | hydromorphone (dilaudid) | morphine sulfate | oxycodone (immediate release),single_specialty_cooccurrence,gabapentin(5) | lamotrigine(4) | pregabalin(2) | levetiracetam(1) | zonisamide(1),可直接使用,已优先保留核心治疗药，支持治疗药和通用辅助药移入低优先级
神经,Other spinal cerebrospinal fluid leak,gabapentin | diazepam | topiramate (topamax),gabapentin | diazepam,acetaminophen | senna | oxycodone (immediate release) | docusate sodium | heparin,single_specialty_cooccurrence,gabapentin(2) | diazepam(1) | topiramate (topamax)(1),可直接使用,已优先保留核心治疗药，支持治疗药和通用辅助药移入低优先级
神经,Other systemic atrophy primarily affecting central nervous system in neoplastic disease,,,,single_specialty_cooccurrence,,背景共病,该诊断被标记为背景共病，不作为专科核心推荐依据
神经,Other toxic encephalopathy,,,influenza vaccine quadrivalent,single_specialty_cooccurrence,,仅保留低优先级方案,当前未识别到明确核心治疗药，仅保留低优先级方案供参考
神经,"Other trigeminal autonomic cephalgias (TAC), not intractable",,,,single_specialty_cooccurrence,,背景共病,该诊断被标记为背景共病，不作为专科核心推荐依据
神经,Other vascular myelopathies,,,,single_specialty_cooccurrence,,背景共病,该诊断被标记为背景共病，不作为专科核心推荐依据
神经,"Paralytic syndrome, unspecified",,,,single_specialty_cooccurrence,,背景共病,该诊断被标记为背景共病，不作为专科核心推荐依据
神经,"Paraplegia, incomplete",,,,single_specialty_cooccurrence,,背景共病,该诊断被标记为背景共病，不作为专科核心推荐依据
神经,"Paraplegia, unspecified",,,,single_specialty_cooccurrence,,背景共病,该诊断被标记为背景共病，不作为专科核心推荐依据
神经,Parkinson's disease,carbidopa-levodopa (25-100) | gabapentin | amantadine | carbidopa-levodopa cr (50-200) | carbidopa-levodopa (10-100),carbidopa-levodopa (25-100) | gabapentin,acetaminophen | senna | docusate sodium | bisacodyl | oxycodone (immediate release),single_specialty_cooccurrence,carbidopa-levodopa (25-100)(108) | gabapentin(28) | amantadine(23) | carbidopa-levodopa cr (50-200)(16) | carbidopa-levodopa (10-100)(15),可直接使用,已优先保留核心治疗药，支持治疗药和通用辅助药移入低优先级
神经,Periodic limb movement disorder,,,,single_specialty_cooccurrence,,背景共病,该诊断被标记为背景共病，不作为专科核心推荐依据
神经,Phantom limb syndrome with pain,,,,single_specialty_cooccurrence,,背景共病,该诊断被标记为背景共病，不作为专科核心推荐依据
神经,Phantom limb syndrome without pain,,,,single_specialty_cooccurrence,,背景共病,该诊断被标记为背景共病，不作为专科核心推荐依据
神经,Phlebitis and thrombophlebitis of intracranial venous sinuses,levetiracetam | midazolam | phenytoin sodium extended | gabapentin | topiramate (topamax),levetiracetam | midazolam,heparin sodium | potassium chloride | d5w | acetaminophen | heparin,single_specialty_cooccurrence,levetiracetam(37) | midazolam(14) | phenytoin sodium extended(9) | gabapentin(4) | topiramate (topamax)(4),可直接使用,已优先保留核心治疗药，支持治疗药和通用辅助药移入低优先级
神经,Polyneuropathy due to other toxic agents,,,diphenhydramine | lorazepam | ondansetron | potassium chloride | heparin flush (10 units/ml),single_specialty_cooccurrence,,仅保留低优先级方案,当前未识别到明确核心治疗药，仅保留低优先级方案供参考
神经,Polyneuropathy in diseases classified elsewhere,,,lorazepam | prochlorperazine | acetaminophen | acyclovir | bisacodyl,single_specialty_cooccurrence,,仅保留低优先级方案,当前未识别到明确核心治疗药，仅保留低优先级方案供参考
神经,"Polyneuropathy, unspecified",gabapentin | diazepam | levetiracetam | pregabalin | diazepam - ciwa protocol,gabapentin | diazepam,acetaminophen | oxycodone (immediate release) | senna | ondansetron | hydromorphone (dilaudid),single_specialty_cooccurrence,gabapentin(98) | diazepam(18) | levetiracetam(15) | pregabalin(13) | diazepam - ciwa protocol(12),可直接使用,已优先保留核心治疗药，支持治疗药和通用辅助药移入低优先级
神经,"Post-traumatic headache, unspecified, not intractable",levetiracetam | diazepam | gabapentin,levetiracetam | diazepam,acetaminophen | divalproex (delayed release) | diphenhydramine | quetiapine fumarate | docusate sodium,single_specialty_cooccurrence,levetiracetam(2) | diazepam(1) | gabapentin(1),可直接使用,已优先保留核心治疗药，支持治疗药和通用辅助药移入低优先级
神经,"Post-traumatic hydrocephalus, unspecified",levetiracetam | baclofen,levetiracetam | baclofen,acetaminophen | glycopyrrolate | hydromorphone (dilaudid) | lorazepam | senna,single_specialty_cooccurrence,levetiracetam(4) | baclofen(1),可直接使用,已优先保留核心治疗药，支持治疗药和通用辅助药移入低优先级
神经,Posterior cord syndrome,diazepam | baclofen | gabapentin,diazepam | baclofen,heparin | acetaminophen | bisacodyl | morphine sulfate | albuterol inhaler,single_specialty_cooccurrence,diazepam(2) | baclofen(1) | gabapentin(1),可直接使用,已优先保留核心治疗药，支持治疗药和通用辅助药移入低优先级
神经,Postinfectious acute disseminated encephalitis and encephalomyelitis (postinfectious ADEM),baclofen,baclofen,lorazepam | vitamin d | acetaminophen | aspirin | heparin,single_specialty_cooccurrence,baclofen(4),可直接使用,已优先保留核心治疗药，支持治疗药和通用辅助药移入低优先级
神经,Postpolio syndrome,,,,single_specialty_cooccurrence,,背景共病,该诊断被标记为背景共病，不作为专科核心推荐依据
神经,Postprocedural hematoma of a nervous system organ or structure following a nervous system procedure,,,,single_specialty_cooccurrence,,背景共病,该诊断被标记为背景共病，不作为专科核心推荐依据
神经,Postprocedural hemorrhage of a nervous system organ or structure following a nervous system procedure,,,,single_specialty_cooccurrence,,背景共病,该诊断被标记为背景共病，不作为专科核心推荐依据
神经,Primary central sleep apnea,pregabalin | baclofen,pregabalin | baclofen,hydromorphone (dilaudid) | lorazepam | dexamethasone | oxycodone (immediate release) | acetaminophen,single_specialty_cooccurrence,pregabalin(4) | baclofen(2),可直接使用,已优先保留核心治疗药，支持治疗药和通用辅助药移入低优先级
神经,"Primary disorder of muscle, unspecified",,,,single_specialty_cooccurrence,,背景共病,该诊断被标记为背景共病，不作为专科核心推荐依据
神经,Primary exertional headache,,,acetaminophen | bisacodyl | diphenhydramine | senna | heparin,single_specialty_cooccurrence,,仅保留低优先级方案,当前未识别到明确核心治疗药，仅保留低优先级方案供参考
神经,Primary stabbing headache,diazepam | gabapentin,diazepam | gabapentin,acetaminophen | docusate sodium | heparin | senna,single_specialty_cooccurrence,diazepam(1) | gabapentin(1),可直接使用,已优先保留核心治疗药，支持治疗药和通用辅助药移入低优先级
神经,Primary thunderclap headache,,,acetaminophen | bupropion xl (once daily) | acetaminophen iv | bisacodyl | chlorhexidine gluconate 0.12% oral rinse,single_specialty_cooccurrence,,仅保留低优先级方案,当前未识别到明确核心治疗药，仅保留低优先级方案供参考
神经,"Quadriplegia, C1-C4 incomplete",,,,single_specialty_cooccurrence,,背景共病,该诊断被标记为背景共病，不作为专科核心推荐依据
神经,"Quadriplegia, C5-C7 incomplete",,,,single_specialty_cooccurrence,,背景共病,该诊断被标记为背景共病，不作为专科核心推荐依据
神经,"Quadriplegia, unspecified",,,,single_specialty_cooccurrence,,背景共病,该诊断被标记为背景共病，不作为专科核心推荐依据
神经,REM sleep behavior disorder,,,,single_specialty_cooccurrence,,背景共病,该诊断被标记为背景共病，不作为专科核心推荐依据
神经,Radiation-induced polyneuropathy,,,lorazepam | hydromorphone (dilaudid) | enoxaparin (prophylaxis) | oxycodone (immediate release) | prochlorperazine,single_specialty_cooccurrence,,仅保留低优先级方案,当前未识别到明确核心治疗药，仅保留低优先级方案供参考
神经,Restless legs syndrome,,,,single_specialty_cooccurrence,,背景共病,该诊断被标记为背景共病，不作为专科核心推荐依据
神经,Salmonella osteomyelitis,,,hydromorphone (dilaudid) | acetaminophen | d5 1/2ns | oxycodone (immediate release) | acyclovir,single_specialty_cooccurrence,,仅保留低优先级方案,当前未识别到明确核心治疗药，仅保留低优先级方案供参考
神经,"Secondary parkinsonism, unspecified",carbidopa-levodopa (25-100),carbidopa-levodopa (25-100),heparin | acetaminophen | dextrose 50% | glucagon | glucose gel,single_specialty_cooccurrence,carbidopa-levodopa (25-100)(2),可直接使用,已优先保留核心治疗药，支持治疗药和通用辅助药移入低优先级
神经,Sequelae of Guillain-Barre syndrome,,,,single_specialty_cooccurrence,,背景共病,该诊断被标记为背景共病，不作为专科核心推荐依据
神经,Sequelae of inflammatory diseases of central nervous system,,,,single_specialty_cooccurrence,,背景共病,该诊断被标记为背景共病，不作为专科核心推荐依据
神经,"Sleep apnea, unspecified",lamotrigine | zonisamide | pregabalin | diazepam | gabapentin,lamotrigine | zonisamide,lorazepam | acetaminophen | senna | oxycodone (immediate release) | docusate sodium,single_specialty_cooccurrence,lamotrigine(9) | zonisamide(6) | pregabalin(4) | diazepam(3) | gabapentin(2),可直接使用,已优先保留核心治疗药，支持治疗药和通用辅助药移入低优先级
神经,"Sleep disorder, unspecified",,,,single_specialty_cooccurrence,,背景共病,该诊断被标记为背景共病，不作为专科核心推荐依据
神经,Sleep related bruxism,,,,single_specialty_cooccurrence,,背景共病,该诊断被标记为背景共病，不作为专科核心推荐依据
神经,Sleep related hypoventilation in conditions classified elsewhere,,,,single_specialty_cooccurrence,,背景共病,该诊断被标记为背景共病，不作为专科核心推荐依据
神经,Spasmodic torticollis,,,,single_specialty_cooccurrence,,背景共病,该诊断被标记为背景共病，不作为专科核心推荐依据
神经,Spastic quadriplegic cerebral palsy,levetiracetam | clobazam | lacosamide | lamotrigine | diazepam,levetiracetam | clobazam,valproic acid | lorazepam | phenobarbital | potassium chloride | sw,single_specialty_cooccurrence,levetiracetam(4) | clobazam(3) | lacosamide(3) | lamotrigine(2) | diazepam(1),可直接使用,已优先保留核心治疗药，支持治疗药和通用辅助药移入低优先级
神经,Staphylococcal meningitis,levetiracetam | lamotrigine,levetiracetam | lamotrigine,acetaminophen | dexamethasone | heparin | vancomycin | cefepime,single_specialty_cooccurrence,levetiracetam(3) | lamotrigine(2),可直接使用,已优先保留核心治疗药，支持治疗药和通用辅助药移入低优先级
神经,Stiff-man syndrome,,,,single_specialty_cooccurrence,,背景共病,该诊断被标记为背景共病，不作为专科核心推荐依据
神经,Streptococcal meningitis,gabapentin,gabapentin,lorazepam | heparin sodium | heparin flush (10 units/ml) | metoclopramide | ondansetron,single_specialty_cooccurrence,gabapentin(3),可直接使用,已优先保留核心治疗药，支持治疗药和通用辅助药移入低优先级
神经,Syringomyelia and syringobulbia,,,,single_specialty_cooccurrence,,背景共病,该诊断被标记为背景共病，不作为专科核心推荐依据
神经,Temporal sclerosis,oxcarbazepine | levetiracetam | clobazam | zonisamide,oxcarbazepine | levetiracetam,acetaminophen | lorazepam | heparin | haloperidol | docusate sodium,single_specialty_cooccurrence,oxcarbazepine(5) | levetiracetam(4) | clobazam(1) | zonisamide(1),可直接使用,已优先保留核心治疗药，支持治疗药和通用辅助药移入低优先级
神经,"Tension-type headache, unspecified, not intractable",gabapentin | topiramate (topamax),gabapentin | topiramate (topamax),acetaminophen | ondansetron | potassium chloride replacement (critical care and oncology) | prochlorperazine | sertraline,single_specialty_cooccurrence,gabapentin(3) | topiramate (topamax)(1),可直接使用,已优先保留核心治疗药，支持治疗药和通用辅助药移入低优先级
神经,"Thoracic root disorders, not elsewhere classified",,,,single_specialty_cooccurrence,,背景共病,该诊断被标记为背景共病，不作为专科核心推荐依据
神经,Todd's paralysis (postepileptic),levetiracetam | diazepam | lacosamide | zonisamide,levetiracetam | diazepam,acetaminophen | heparin | aspirin | dexamethasone | diphenhydramine,single_specialty_cooccurrence,levetiracetam(6) | diazepam(5) | lacosamide(3) | zonisamide(2),可直接使用,已优先保留核心治疗药，支持治疗药和通用辅助药移入低优先级
神经,Toxic encephalopathy,gabapentin | diazepam | levetiracetam | clobazam | diazepam - ciwa protocol,gabapentin | diazepam,lorazepam | acetaminophen | senna | thiamine | heparin,single_specialty_cooccurrence,gabapentin(17) | diazepam(14) | levetiracetam(12) | clobazam(8) | diazepam - ciwa protocol(8),可直接使用,已优先保留核心治疗药，支持治疗药和通用辅助药移入低优先级
神经,"Transient cerebral ischemic attack, unspecified",pregabalin,pregabalin,acetaminophen | aspirin | senna | heparin | docusate sodium,single_specialty_cooccurrence,pregabalin(1),可直接使用,已优先保留核心治疗药，支持治疗药和通用辅助药移入低优先级
神经,Transient global amnesia,,,,single_specialty_cooccurrence,,背景共病,该诊断被标记为背景共病，不作为专科核心推荐依据
神经,Trigeminal neuralgia,gabapentin | levetiracetam | pregabalin | diazepam | topiramate (topamax),gabapentin | levetiracetam,acetaminophen | docusate sodium | senna | bisacodyl | oxycodone (immediate release),single_specialty_cooccurrence,gabapentin(23) | levetiracetam(11) | pregabalin(7) | diazepam(6) | topiramate (topamax)(5),可直接使用,已优先保留核心治疗药，支持治疗药和通用辅助药移入低优先级
神经,Unspecified cord compression,,,,single_specialty_cooccurrence,,背景共病,该诊断被标记为背景共病，不作为专科核心推荐依据
神经,Unspecified mononeuropathy of bilateral lower limbs,gabapentin | pregabalin,gabapentin | pregabalin,syringe | filgrastim-sndz | potassium chloride replacement (critical care and oncology) | plerixafor | acetaminophen,single_specialty_cooccurrence,gabapentin(3) | pregabalin(1),可直接使用,已优先保留核心治疗药，支持治疗药和通用辅助药移入低优先级
神经,Unspecified mononeuropathy of left lower limb,gabapentin,gabapentin,bisacodyl | acetaminophen | aspirin | cefazolin | cephalexin,single_specialty_cooccurrence,gabapentin(1),可直接使用,已优先保留核心治疗药，支持治疗药和通用辅助药移入低优先级
神经,Unspecified mononeuropathy of right lower limb,,,lorazepam | potassium chloride | sterile water | diphenhydramine | magnesium sulfate,single_specialty_cooccurrence,,仅保留低优先级方案,当前未识别到明确核心治疗药，仅保留低优先级方案供参考
神经,Unspecified mononeuropathy of unspecified lower limb,,,acetaminophen | acetaminophen-caff-butalbital | acyclovir | ceftriaxone | heparin,single_specialty_cooccurrence,,仅保留低优先级方案,当前未识别到明确核心治疗药，仅保留低优先级方案供参考
神经,"Vascular headache, not elsewhere classified",gabapentin | diazepam,gabapentin | diazepam,acetaminophen | bisacodyl | diphenhydramine | docusate sodium | escitalopram oxalate,single_specialty_cooccurrence,gabapentin(4) | diazepam(2),可直接使用,已优先保留核心治疗药，支持治疗药和通用辅助药移入低优先级
神经,Vertebro-basilar artery syndrome,,,,single_specialty_cooccurrence,,背景共病,该诊断被标记为背景共病，不作为专科核心推荐依据
神经,"Whooping cough, unspecified organism",,,,single_specialty_cooccurrence,,背景共病,该诊断被标记为背景共病，不作为专科核心推荐依据
