specialty_name,standard_drug_name,drug_name,aliases,drug_class,disease_context,treatment_role,treatment_role_label,order_category,mechanism_or_function,major_cautions,reference_source,reference_url,agent_use
呼吸,albuterol,albuterol,salbutamol|albuterol sulfate,short acting beta agonist,asthma|COPD|bronchospasm,disease_directed_therapy,疾病直接治疗,disease_directed,stimulates beta 2 receptors to relax bronchial smooth muscle,tachycardia tremor and potassium review,RxNorm/ATC/DailyMed,https://dailymed.nlm.nih.gov/dailymed,作为公开药物功能知识进入候选药物解释，仍需结合诊断和风险规则复核
呼吸,ipratropium,ipratropium,atrovent,short acting muscarinic antagonist,COPD|bronchospasm,disease_directed_therapy,疾病直接治疗,disease_directed,blocks muscarinic receptors to reduce bronchoconstriction,glaucoma urinary retention and anticholinergic burden review,RxNorm/ATC/DailyMed,https://dailymed.nlm.nih.gov/dailymed,作为公开药物功能知识进入候选药物解释，仍需结合诊断和风险规则复核
呼吸,tiotropium,tiotropium,spiriva,long acting muscarinic antagonist,COPD,disease_directed_therapy,疾病直接治疗,disease_directed,long acting muscarinic blockade for maintenance bronchodilation,urinary retention glaucoma and anticholinergic burden review,RxNorm/ATC/DailyMed,https://dailymed.nlm.nih.gov/dailymed,作为公开药物功能知识进入候选药物解释，仍需结合诊断和风险规则复核
呼吸,budesonide,budesonide,formoterol budesonide|pulmicort,inhaled corticosteroid,asthma|COPD,disease_directed_therapy,疾病直接治疗,disease_directed,reduces airway inflammation through glucocorticoid receptor effect,pneumonia thrush and systemic steroid exposure review,RxNorm/ATC/DailyMed,https://dailymed.nlm.nih.gov/dailymed,作为公开药物功能知识进入候选药物解释，仍需结合诊断和风险规则复核
呼吸,fluticasone,fluticasone,,inhaled corticosteroid,asthma|COPD,disease_directed_therapy,疾病直接治疗,disease_directed,reduces airway inflammation and exacerbation risk,oral candidiasis pneumonia and adrenal suppression review,RxNorm/ATC/DailyMed,https://dailymed.nlm.nih.gov/dailymed,作为公开药物功能知识进入候选药物解释，仍需结合诊断和风险规则复核
呼吸,prednisone,prednisone,,systemic corticosteroid,asthma exacerbation|COPD exacerbation|inflammatory lung disease,risk_modifying_therapy,风险控制治疗,risk_modifying,systemic glucocorticoid reduces airway inflammation,glucose infection GI bleeding and delirium review,RxNorm/ATC/DailyMed,https://dailymed.nlm.nih.gov/dailymed,作为公开药物功能知识进入候选药物解释，仍需结合诊断和风险规则复核
呼吸,methylprednisolone,methylprednisolone,methylpred|solu medrol,systemic corticosteroid,asthma exacerbation|COPD exacerbation|ARDS inflammation,risk_modifying_therapy,风险控制治疗,risk_modifying,systemic glucocorticoid with anti inflammatory effect,glucose infection GI bleeding and delirium review,RxNorm/ATC/DailyMed,https://dailymed.nlm.nih.gov/dailymed,作为公开药物功能知识进入候选药物解释，仍需结合诊断和风险规则复核
呼吸,azithromycin,azithromycin,zithromax,macrolide antibiotic,pneumonia|COPD exacerbation,risk_modifying_therapy,风险控制治疗,risk_modifying,inhibits bacterial protein synthesis through 50S ribosomal binding,QT interaction and liver review,RxNorm/ATC/DailyMed,https://dailymed.nlm.nih.gov/dailymed,作为公开药物功能知识进入候选药物解释，仍需结合诊断和风险规则复核
呼吸,ceftriaxone,ceftriaxone,rocephin,cephalosporin antibiotic,pneumonia|sepsis|bacterial infection,risk_modifying_therapy,风险控制治疗,risk_modifying,beta lactam antibiotic inhibits bacterial cell wall synthesis,biliary sludging allergy and C difficile review,RxNorm/ATC/DailyMed,https://dailymed.nlm.nih.gov/dailymed,作为公开药物功能知识进入候选药物解释，仍需结合诊断和风险规则复核
呼吸,piperacillin tazobactam,piperacillin tazobactam,zosyn,broad spectrum beta lactam,pneumonia|aspiration pneumonia|sepsis,risk_modifying_therapy,风险控制治疗,risk_modifying,antipseudomonal penicillin plus beta lactamase inhibitor,renal dose sodium load allergy and C difficile review,RxNorm/ATC/DailyMed,https://dailymed.nlm.nih.gov/dailymed,作为公开药物功能知识进入候选药物解释，仍需结合诊断和风险规则复核
呼吸,vancomycin,vancomycin,,glycopeptide antibiotic,MRSA pneumonia|severe gram positive infection,risk_modifying_therapy,风险控制治疗,risk_modifying,inhibits gram positive bacterial cell wall synthesis,renal toxicity level monitoring and infusion reaction review,RxNorm/ATC/DailyMed,https://dailymed.nlm.nih.gov/dailymed,作为公开药物功能知识进入候选药物解释，仍需结合诊断和风险规则复核
呼吸,furosemide,furosemide,lasix,loop diuretic,pulmonary edema|heart failure with dyspnea,risk_modifying_therapy,风险控制治疗,risk_modifying,promotes diuresis and reduces congestion,electrolyte renal and volume review,RxNorm/ATC/DailyMed,https://dailymed.nlm.nih.gov/dailymed,作为公开药物功能知识进入候选药物解释，仍需结合诊断和风险规则复核
呼吸,oseltamivir,oseltamivir,tamiflu,neuraminidase inhibitor,influenza pneumonia|influenza infection,disease_directed_therapy,疾病直接治疗,disease_directed,inhibits influenza neuraminidase and viral release,renal dose neuropsychiatric and timing review,RxNorm/ATC/DailyMed,https://dailymed.nlm.nih.gov/dailymed,作为公开药物功能知识进入候选药物解释，仍需结合诊断和风险规则复核
呼吸,levofloxacin,levofloxacin,levaquin,fluoroquinolone antibiotic,pneumonia|COPD exacerbation,risk_modifying_therapy,风险控制治疗,risk_modifying,inhibits bacterial DNA gyrase and topoisomerase IV,QT tendon glucose CNS and renal dose review,RxNorm/ATC/DailyMed,https://dailymed.nlm.nih.gov/dailymed,作为公开药物功能知识进入候选药物解释，仍需结合诊断和风险规则复核
呼吸,salmeterol,salmeterol,,long acting beta agonist,asthma|COPD maintenance,disease_directed_therapy,疾病直接治疗,disease_directed,long acting beta 2 agonist promotes bronchodilation,tachycardia hypokalemia and asthma monotherapy warning review,RxNorm/ATC/DailyMed,https://dailymed.nlm.nih.gov/dailymed,作为公开药物功能知识进入候选药物解释，仍需结合诊断和风险规则复核
呼吸,formoterol,formoterol,,long acting beta agonist,asthma|COPD maintenance,disease_directed_therapy,疾病直接治疗,disease_directed,long acting beta 2 agonist promotes bronchodilation,tachycardia hypokalemia and asthma controller context review,RxNorm/ATC/DailyMed,https://dailymed.nlm.nih.gov/dailymed,作为公开药物功能知识进入候选药物解释，仍需结合诊断和风险规则复核
呼吸,umeclidinium,umeclidinium,incruse,long acting muscarinic antagonist,COPD,disease_directed_therapy,疾病直接治疗,disease_directed,long acting muscarinic blockade for maintenance bronchodilation,urinary retention glaucoma and anticholinergic burden review,RxNorm/ATC/DailyMed,https://dailymed.nlm.nih.gov/dailymed,作为公开药物功能知识进入候选药物解释，仍需结合诊断和风险规则复核
呼吸,fluticasone salmeterol,fluticasone salmeterol,advair,ICS LABA combination,asthma|COPD maintenance,disease_directed_therapy,疾病直接治疗,disease_directed,inhaled corticosteroid plus long acting beta agonist reduces inflammation and bronchospasm,pneumonia thrush tachycardia and potassium review,RxNorm/ATC/DailyMed,https://dailymed.nlm.nih.gov/dailymed,作为公开药物功能知识进入候选药物解释，仍需结合诊断和风险规则复核
呼吸,cefepime,cefepime,,fourth generation cephalosporin,pneumonia|hospital acquired infection|sepsis,risk_modifying_therapy,风险控制治疗,risk_modifying,beta lactam antibiotic with gram negative coverage,renal dose neurotoxicity allergy and C difficile review,RxNorm/ATC/DailyMed,https://dailymed.nlm.nih.gov/dailymed,作为公开药物功能知识进入候选药物解释，仍需结合诊断和风险规则复核
呼吸,meropenem,meropenem,,carbapenem antibiotic,hospital acquired pneumonia|sepsis|resistant infection,risk_modifying_therapy,风险控制治疗,risk_modifying,broad spectrum beta lactam inhibits bacterial cell wall synthesis,renal dose seizure allergy and C difficile review,RxNorm/ATC/DailyMed,https://dailymed.nlm.nih.gov/dailymed,作为公开药物功能知识进入候选药物解释，仍需结合诊断和风险规则复核
呼吸,doxycycline,doxycycline,,tetracycline antibiotic,pneumonia|COPD exacerbation|atypical infection,risk_modifying_therapy,风险控制治疗,risk_modifying,inhibits bacterial protein synthesis at 30S ribosome,photosensitivity esophagitis pregnancy and interaction review,RxNorm/ATC/DailyMed,https://dailymed.nlm.nih.gov/dailymed,作为公开药物功能知识进入候选药物解释，仍需结合诊断和风险规则复核
呼吸,linezolid,linezolid,,oxazolidinone antibiotic,MRSA pneumonia|gram positive infection,risk_modifying_therapy,风险控制治疗,risk_modifying,inhibits bacterial protein synthesis at 50S ribosome,thrombocytopenia serotonin syndrome and neuropathy review,RxNorm/ATC/DailyMed,https://dailymed.nlm.nih.gov/dailymed,作为公开药物功能知识进入候选药物解释，仍需结合诊断和风险规则复核
呼吸,acetylcysteine,acetylcysteine,NAC,mucolytic,thick airway secretions|mucus plugging,risk_modifying_therapy,风险控制治疗,risk_modifying,reduces disulfide bonds in mucus and decreases viscosity,bronchospasm odor and airway tolerance review,RxNorm/ATC/DailyMed,https://dailymed.nlm.nih.gov/dailymed,作为公开药物功能知识进入候选药物解释，仍需结合诊断和风险规则复核
呼吸,montelukast,montelukast,singulair,leukotriene receptor antagonist,asthma|allergic airway disease,disease_directed_therapy,疾病直接治疗,disease_directed,blocks leukotriene D4 receptor mediated airway inflammation,neuropsychiatric warning and liver context review,RxNorm/ATC/DailyMed,https://dailymed.nlm.nih.gov/dailymed,作为公开药物功能知识进入候选药物解释，仍需结合诊断和风险规则复核
呼吸,acetaminophen,acetaminophen,paracetamol|acetaminophen iv,analgesic antipyretic,supportive care|general inpatient care,supportive_or_symptomatic_therapy,支持/对症服务药物,symptom_support,central analgesic and antipyretic effect,liver dose and alcohol use review,RxNorm/ATC/DailyMed,https://dailymed.nlm.nih.gov/dailymed,作为支持治疗或住院通用药物功能知识，不单独作为疾病直接治疗证据
呼吸,ibuprofen,ibuprofen,,NSAID,supportive care|general inpatient care,supportive_or_symptomatic_therapy,支持/对症服务药物,symptom_support,inhibits cyclooxygenase and prostaglandin synthesis,renal bleeding heart failure and GI risk review,RxNorm/ATC/DailyMed,https://dailymed.nlm.nih.gov/dailymed,作为支持治疗或住院通用药物功能知识，不单独作为疾病直接治疗证据
呼吸,ketorolac,ketorolac,,NSAID,supportive care|general inpatient care,supportive_or_symptomatic_therapy,支持/对症服务药物,symptom_support,potent short term NSAID analgesic,renal bleeding GI ulcer and duration review,RxNorm/ATC/DailyMed,https://dailymed.nlm.nih.gov/dailymed,作为支持治疗或住院通用药物功能知识，不单独作为疾病直接治疗证据
呼吸,morphine,morphine,morphine sulfate,opioid analgesic,supportive care|general inpatient care,supportive_or_symptomatic_therapy,支持/对症服务药物,symptom_support,mu opioid receptor agonist for severe pain,respiratory depression delirium renal and constipation review,RxNorm/ATC/DailyMed,https://dailymed.nlm.nih.gov/dailymed,作为支持治疗或住院通用药物功能知识，不单独作为疾病直接治疗证据
呼吸,hydromorphone,hydromorphone,hydromorphone dilaudid|dilaudid,opioid analgesic,supportive care|general inpatient care,supportive_or_symptomatic_therapy,支持/对症服务药物,symptom_support,mu opioid receptor agonist for severe pain,respiratory depression delirium renal and constipation review,RxNorm/ATC/DailyMed,https://dailymed.nlm.nih.gov/dailymed,作为支持治疗或住院通用药物功能知识，不单独作为疾病直接治疗证据
呼吸,oxycodone,oxycodone,oxycodone immediate release,opioid analgesic,supportive care|general inpatient care,supportive_or_symptomatic_therapy,支持/对症服务药物,symptom_support,mu opioid receptor agonist for moderate to severe pain,respiratory depression delirium and constipation review,RxNorm/ATC/DailyMed,https://dailymed.nlm.nih.gov/dailymed,作为支持治疗或住院通用药物功能知识，不单独作为疾病直接治疗证据
呼吸,tramadol,tramadol,ultram,opioid analgesic,supportive care|general inpatient care,supportive_or_symptomatic_therapy,支持/对症服务药物,symptom_support,weak mu agonist and monoamine reuptake inhibition,seizure serotonin syndrome renal and delirium review,RxNorm/ATC/DailyMed,https://dailymed.nlm.nih.gov/dailymed,作为支持治疗或住院通用药物功能知识，不单独作为疾病直接治疗证据
呼吸,lorazepam,lorazepam,ativan,benzodiazepine,supportive care|general inpatient care,supportive_or_symptomatic_therapy,支持/对症服务药物,symptom_support,GABA A positive allosteric modulator,respiratory depression delirium fall and hepatic context review,RxNorm/ATC/DailyMed,https://dailymed.nlm.nih.gov/dailymed,作为支持治疗或住院通用药物功能知识，不单独作为疾病直接治疗证据
呼吸,haloperidol,haloperidol,,antipsychotic,supportive care|general inpatient care,supportive_or_symptomatic_therapy,支持/对症服务药物,symptom_support,D2 receptor antagonist for agitation or delirium,QT extrapyramidal and Parkinson disease review,RxNorm/ATC/DailyMed,https://dailymed.nlm.nih.gov/dailymed,作为支持治疗或住院通用药物功能知识，不单独作为疾病直接治疗证据
呼吸,ondansetron,ondansetron,zofran,antiemetic,supportive care|general inpatient care,supportive_or_symptomatic_therapy,支持/对症服务药物,symptom_support,5 HT3 receptor antagonist for nausea and vomiting,QT constipation and serotonin interaction review,RxNorm/ATC/DailyMed,https://dailymed.nlm.nih.gov/dailymed,作为支持治疗或住院通用药物功能知识，不单独作为疾病直接治疗证据
呼吸,prochlorperazine,prochlorperazine,,dopamine antagonist antiemetic,supportive care|general inpatient care,supportive_or_symptomatic_therapy,支持/对症服务药物,symptom_support,dopamine receptor antagonism for nausea and vomiting,QT extrapyramidal sedation and Parkinson disease review,RxNorm/ATC/DailyMed,https://dailymed.nlm.nih.gov/dailymed,作为支持治疗或住院通用药物功能知识，不单独作为疾病直接治疗证据
呼吸,metoclopramide,metoclopramide,,antiemetic prokinetic,supportive care|general inpatient care,supportive_or_symptomatic_therapy,支持/对症服务药物,symptom_support,dopamine antagonist and prokinetic effect,extrapyramidal tardive dyskinesia and renal dose review,RxNorm/ATC/DailyMed,https://dailymed.nlm.nih.gov/dailymed,作为支持治疗或住院通用药物功能知识，不单独作为疾病直接治疗证据
呼吸,senna,senna,sennosides,stimulant laxative,supportive care|general inpatient care,supportive_or_symptomatic_therapy,支持/对症服务药物,symptom_support,stimulates intestinal motility,constipation pattern electrolyte and chronic use review,RxNorm/ATC/DailyMed,https://dailymed.nlm.nih.gov/dailymed,作为支持治疗或住院通用药物功能知识，不单独作为疾病直接治疗证据
呼吸,docusate,docusate,docusate sodium,stool softener,supportive care|general inpatient care,supportive_or_symptomatic_therapy,支持/对症服务药物,symptom_support,surfactant stool softener for constipation,limited efficacy and bowel obstruction review,RxNorm/ATC/DailyMed,https://dailymed.nlm.nih.gov/dailymed,作为支持治疗或住院通用药物功能知识，不单独作为疾病直接治疗证据
呼吸,bisacodyl,bisacodyl,,stimulant laxative,supportive care|general inpatient care,supportive_or_symptomatic_therapy,支持/对症服务药物,symptom_support,stimulates colonic peristalsis,obstruction dehydration and electrolyte review,RxNorm/ATC/DailyMed,https://dailymed.nlm.nih.gov/dailymed,作为支持治疗或住院通用药物功能知识，不单独作为疾病直接治疗证据
呼吸,polyethylene glycol,polyethylene glycol,peg 3350|miralax,osmotic laxative,supportive care|general inpatient care,supportive_or_symptomatic_therapy,支持/对症服务药物,symptom_support,retains water in stool to improve bowel movement,obstruction dehydration and electrolyte review,RxNorm/ATC/DailyMed,https://dailymed.nlm.nih.gov/dailymed,作为支持治疗或住院通用药物功能知识，不单独作为疾病直接治疗证据
呼吸,simethicone,simethicone,,antiflatulent,supportive care|general inpatient care,supportive_or_symptomatic_therapy,支持/对症服务药物,symptom_support,reduces surface tension of gas bubbles,low systemic risk but symptom masking review,RxNorm/ATC/DailyMed,https://dailymed.nlm.nih.gov/dailymed,作为支持治疗或住院通用药物功能知识，不单独作为疾病直接治疗证据
呼吸,diphenhydramine,diphenhydramine,benadryl,antihistamine,supportive care|general inpatient care,supportive_or_symptomatic_therapy,支持/对症服务药物,symptom_support,H1 receptor antagonist with anticholinergic effects,delirium urinary retention glaucoma and sedation review,RxNorm/ATC/DailyMed,https://dailymed.nlm.nih.gov/dailymed,作为支持治疗或住院通用药物功能知识，不单独作为疾病直接治疗证据
呼吸,melatonin,melatonin,,sleep support,supportive care|general inpatient care,supportive_or_symptomatic_therapy,支持/对症服务药物,symptom_support,regulates circadian sleep signaling,sedation and interaction review,RxNorm/ATC/DailyMed,https://dailymed.nlm.nih.gov/dailymed,作为支持治疗或住院通用药物功能知识，不单独作为疾病直接治疗证据
呼吸,sodium chloride,sodium chloride,normal saline|0 9 sodium chloride|0 9 percent sodium chloride|ns,crystalloid fluid,supportive care|general inpatient care,general_inpatient_medication,住院通用服务药物,fluid_diluent_flush,isotonic sodium chloride for fluids flush or diluent,volume overload sodium chloride burden and heart failure review,RxNorm/ATC/DailyMed,https://dailymed.nlm.nih.gov/dailymed,作为支持治疗或住院通用药物功能知识，不单独作为疾病直接治疗证据
呼吸,dextrose,dextrose,d5|d10|d50|dextrose 5|dextrose 10|dextrose 50,glucose solution,supportive care|general inpatient care,general_inpatient_medication,住院通用服务药物,symptom_support,provides glucose calories or hypoglycemia rescue,hyperglycemia sodium dilution and extravasation review,RxNorm/ATC/DailyMed,https://dailymed.nlm.nih.gov/dailymed,作为支持治疗或住院通用药物功能知识，不单独作为疾病直接治疗证据
呼吸,lactated ringer,lactated ringer,lactated ringers|ringer,balanced crystalloid,supportive care|general inpatient care,general_inpatient_medication,住院通用服务药物,fluid_diluent_flush,balanced crystalloid fluid for resuscitation,potassium calcium liver and volume status review,RxNorm/ATC/DailyMed,https://dailymed.nlm.nih.gov/dailymed,作为支持治疗或住院通用药物功能知识，不单独作为疾病直接治疗证据
呼吸,sterile water,sterile water,sw,diluent,supportive care|general inpatient care,general_inpatient_medication,住院通用服务药物,fluid_diluent_flush,sterile diluent for medication preparation,not for direct IV infusion without tonicity review,RxNorm/ATC/DailyMed,https://dailymed.nlm.nih.gov/dailymed,作为支持治疗或住院通用药物功能知识，不单独作为疾病直接治疗证据
呼吸,heparin flush,heparin flush,heparin lock flush|heparin catheter flush,line flush,supportive care|general inpatient care,general_inpatient_medication,住院通用服务药物,fluid_diluent_flush,low dose heparin for catheter patency,bleeding HIT and duplicate anticoagulation review,RxNorm/ATC/DailyMed,https://dailymed.nlm.nih.gov/dailymed,作为支持治疗或住院通用药物功能知识，不单独作为疾病直接治疗证据
呼吸,influenza vaccine,influenza vaccine,flu vaccine|influenza vaccine quadrivalent,vaccine,supportive care|general inpatient care,general_inpatient_medication,住院通用服务药物,prophylaxis_prevention,preventive immunization against influenza,allergy acute illness and immunization status review,RxNorm/ATC/DailyMed,https://dailymed.nlm.nih.gov/dailymed,作为支持治疗或住院通用药物功能知识，不单独作为疾病直接治疗证据
呼吸,potassium chloride,potassium chloride,potassium chloride replacement,electrolyte replacement,supportive care|general inpatient care,supportive_or_symptomatic_therapy,支持/对症服务药物,nutrition_electrolyte_metabolic,repletes potassium deficit,hyperkalemia renal function infusion rate and ECG review,RxNorm/ATC/DailyMed,https://dailymed.nlm.nih.gov/dailymed,作为支持治疗或住院通用药物功能知识，不单独作为疾病直接治疗证据
呼吸,magnesium sulfate,magnesium sulfate,,electrolyte replacement,supportive care|general inpatient care,supportive_or_symptomatic_therapy,支持/对症服务药物,nutrition_electrolyte_metabolic,repletes magnesium and stabilizes neuromuscular excitability,renal function hypotension and respiratory depression review,RxNorm/ATC/DailyMed,https://dailymed.nlm.nih.gov/dailymed,作为支持治疗或住院通用药物功能知识，不单独作为疾病直接治疗证据
呼吸,calcium gluconate,calcium gluconate,,electrolyte replacement,supportive care|general inpatient care,supportive_or_symptomatic_therapy,支持/对症服务药物,nutrition_electrolyte_metabolic,repletes calcium and stabilizes myocardium in selected electrolyte emergencies,extravasation calcium level and digoxin caution review,RxNorm/ATC/DailyMed,https://dailymed.nlm.nih.gov/dailymed,作为支持治疗或住院通用药物功能知识，不单独作为疾病直接治疗证据
呼吸,ferrous sulfate,ferrous sulfate,iron sulfate,iron supplement,supportive care|general inpatient care,supportive_or_symptomatic_therapy,支持/对症服务药物,nutrition_support,oral iron replacement for iron deficiency,constipation GI irritation and iron overload review,RxNorm/ATC/DailyMed,https://dailymed.nlm.nih.gov/dailymed,作为支持治疗或住院通用药物功能知识，不单独作为疾病直接治疗证据
呼吸,folic acid,folic acid,folate,vitamin supplement,supportive care|general inpatient care,supportive_or_symptomatic_therapy,支持/对症服务药物,nutrition_support,folate replacement for deficiency or anemia,masking B12 deficiency review,RxNorm/ATC/DailyMed,https://dailymed.nlm.nih.gov/dailymed,作为支持治疗或住院通用药物功能知识，不单独作为疾病直接治疗证据
呼吸,thiamine,thiamine,vitamin B1,vitamin supplement,supportive care|general inpatient care,supportive_or_symptomatic_therapy,支持/对症服务药物,nutrition_support,vitamin B1 replacement in malnutrition or alcohol use,low systemic risk but timing before glucose in deficiency context review,RxNorm/ATC/DailyMed,https://dailymed.nlm.nih.gov/dailymed,作为支持治疗或住院通用药物功能知识，不单独作为疾病直接治疗证据
呼吸,multivitamin,multivitamin,multivitamins,vitamin supplement,supportive care|general inpatient care,supportive_or_symptomatic_therapy,支持/对症服务药物,nutrition_support,general vitamin supplementation,renal fat soluble vitamin and duplicate therapy review,RxNorm/ATC/DailyMed,https://dailymed.nlm.nih.gov/dailymed,作为支持治疗或住院通用药物功能知识，不单独作为疾病直接治疗证据
呼吸,albumin,albumin,human albumin,colloid fluid,supportive care|general inpatient care,supportive_or_symptomatic_therapy,支持/对症服务药物,symptom_support,increases plasma oncotic pressure and expands intravascular volume,volume overload allergy and indication review,RxNorm/ATC/DailyMed,https://dailymed.nlm.nih.gov/dailymed,作为支持治疗或住院通用药物功能知识，不单独作为疾病直接治疗证据
呼吸,pantoprazole,pantoprazole,protonix,acid suppression,supportive care|general inpatient care,supportive_or_symptomatic_therapy,支持/对症服务药物,prophylaxis_prevention,proton pump inhibition for stress ulcer prophylaxis,C difficile magnesium and indication review,RxNorm/ATC/DailyMed,https://dailymed.nlm.nih.gov/dailymed,作为支持治疗或住院通用药物功能知识，不单独作为疾病直接治疗证据
呼吸,famotidine,famotidine,pepcid,H2 receptor antagonist,supportive care|general inpatient care,supportive_or_symptomatic_therapy,支持/对症服务药物,prophylaxis_prevention,H2 receptor blockade reduces gastric acid secretion,renal dose delirium and QT review,RxNorm/ATC/DailyMed,https://dailymed.nlm.nih.gov/dailymed,作为支持治疗或住院通用药物功能知识，不单独作为疾病直接治疗证据
呼吸,omeprazole,omeprazole,prilosec,proton pump inhibitor,supportive care|general inpatient care,supportive_or_symptomatic_therapy,支持/对症服务药物,prophylaxis_prevention,proton pump inhibition suppresses gastric acid secretion,C difficile magnesium B12 and interaction review,RxNorm/ATC/DailyMed,https://dailymed.nlm.nih.gov/dailymed,作为支持治疗或住院通用药物功能知识，不单独作为疾病直接治疗证据
呼吸,naloxone,naloxone,narcan,opioid antagonist,supportive care|general inpatient care,supportive_or_symptomatic_therapy,支持/对症服务药物,emergency_rescue,competitive opioid receptor antagonist reverses opioid toxicity,withdrawal recurrent sedation and monitoring review,RxNorm/ATC/DailyMed,https://dailymed.nlm.nih.gov/dailymed,作为支持治疗或住院通用药物功能知识，不单独作为疾病直接治疗证据
呼吸,flumazenil,flumazenil,,benzodiazepine antagonist,supportive care|general inpatient care,supportive_or_symptomatic_therapy,支持/对症服务药物,emergency_rescue,benzodiazepine receptor antagonist reverses selected benzodiazepine effects,seizure risk chronic benzodiazepine use and monitoring review,RxNorm/ATC/DailyMed,https://dailymed.nlm.nih.gov/dailymed,作为支持治疗或住院通用药物功能知识，不单独作为疾病直接治疗证据
呼吸,epinephrine,epinephrine,adrenaline,adrenergic agonist,supportive care|general inpatient care,supportive_or_symptomatic_therapy,支持/对症服务药物,emergency_rescue,alpha and beta agonist supports anaphylaxis or cardiac arrest response,arrhythmia ischemia and extravasation review,RxNorm/ATC/DailyMed,https://dailymed.nlm.nih.gov/dailymed,作为支持治疗或住院通用药物功能知识，不单独作为疾病直接治疗证据
呼吸,diphenoxylate atropine,diphenoxylate atropine,lomotil,antidiarrheal,supportive care|general inpatient care,supportive_or_symptomatic_therapy,支持/对症服务药物,symptom_support,opioid antidiarrheal plus anticholinergic reduces intestinal motility,ileus infectious diarrhea delirium and anticholinergic review,RxNorm/ATC/DailyMed,https://dailymed.nlm.nih.gov/dailymed,作为支持治疗或住院通用药物功能知识，不单独作为疾病直接治疗证据
呼吸,loperamide,loperamide,imodium,antidiarrheal,supportive care|general inpatient care,supportive_or_symptomatic_therapy,支持/对症服务药物,symptom_support,peripheral opioid receptor agonist slows intestinal transit,infectious colitis ileus and QT with misuse review,RxNorm/ATC/DailyMed,https://dailymed.nlm.nih.gov/dailymed,作为支持治疗或住院通用药物功能知识，不单独作为疾病直接治疗证据
呼吸,guaifenesin,guaifenesin,,expectorant,supportive care|general inpatient care,supportive_or_symptomatic_therapy,支持/对症服务药物,symptom_support,expectorant helps loosen airway secretions,hydration status and symptom masking review,RxNorm/ATC/DailyMed,https://dailymed.nlm.nih.gov/dailymed,作为支持治疗或住院通用药物功能知识，不单独作为疾病直接治疗证据
呼吸,benzonatate,benzonatate,tessalon,antitussive,supportive care|general inpatient care,supportive_or_symptomatic_therapy,支持/对症服务药物,symptom_support,peripheral anesthetic effect reduces cough reflex,swallowing whole overdose and mental status review,RxNorm/ATC/DailyMed,https://dailymed.nlm.nih.gov/dailymed,作为支持治疗或住院通用药物功能知识，不单独作为疾病直接治疗证据
呼吸,lidocaine patch,lidocaine patch,lidocaine 5% patch,local anesthetic,supportive care|general inpatient care,supportive_or_symptomatic_therapy,支持/对症服务药物,symptom_support,local sodium channel blockade reduces focal pain,skin reaction systemic toxicity and duplicate local anesthetic review,RxNorm/ATC/DailyMed,https://dailymed.nlm.nih.gov/dailymed,作为支持治疗或住院通用药物功能知识，不单独作为疾病直接治疗证据
呼吸,lidocaine,lidocaine,1% lidocaine|lidocaine injection,local anesthetic,supportive care|general inpatient care,general_inpatient_medication,住院通用服务药物,procedure_or_nursing,local sodium channel blockade for procedural anesthesia,systemic toxicity arrhythmia dose and allergy review,RxNorm/ATC/DailyMed,https://dailymed.nlm.nih.gov/dailymed,作为支持治疗或住院通用药物功能知识，不单独作为疾病直接治疗证据
呼吸,chlorhexidine,chlorhexidine,,antiseptic,supportive care|general inpatient care,general_inpatient_medication,住院通用服务药物,procedure_or_nursing,topical antiseptic reduces skin microbial burden,skin irritation allergy and mucosal exposure review,RxNorm/ATC/DailyMed,https://dailymed.nlm.nih.gov/dailymed,作为支持治疗或住院通用药物功能知识，不单独作为疾病直接治疗证据
呼吸,povidone iodine,povidone iodine,betadine,antiseptic,supportive care|general inpatient care,general_inpatient_medication,住院通用服务药物,procedure_or_nursing,iodine antiseptic for skin preparation,iodine allergy thyroid and skin irritation review,RxNorm/ATC/DailyMed,https://dailymed.nlm.nih.gov/dailymed,作为支持治疗或住院通用药物功能知识，不单独作为疾病直接治疗证据
呼吸,nystatin,nystatin,nystatin oral suspension,antifungal,supportive care|general inpatient care,supportive_or_symptomatic_therapy,支持/对症服务药物,symptom_support,topical polyene antifungal for oral candidiasis,swallowing local irritation and systemic infection mismatch review,RxNorm/ATC/DailyMed,https://dailymed.nlm.nih.gov/dailymed,作为支持治疗或住院通用药物功能知识，不单独作为疾病直接治疗证据
呼吸,fluconazole,fluconazole,diflucan,azole antifungal,supportive care|general inpatient care,supportive_or_symptomatic_therapy,支持/对症服务药物,symptom_support,azole antifungal inhibits fungal ergosterol synthesis,liver QT drug interaction and renal dose review,RxNorm/ATC/DailyMed,https://dailymed.nlm.nih.gov/dailymed,作为支持治疗或住院通用药物功能知识，不单独作为疾病直接治疗证据
呼吸,insulin regular,insulin regular,regular insulin,glucose management,supportive care|general inpatient care,supportive_or_symptomatic_therapy,支持/对症服务药物,nutrition_electrolyte_metabolic,short acting insulin lowers glucose in correction or inpatient protocols,hypoglycemia potassium and nutrition timing review,RxNorm/ATC/DailyMed,https://dailymed.nlm.nih.gov/dailymed,作为支持治疗或住院通用药物功能知识，不单独作为疾病直接治疗证据
呼吸,glucagon,glucagon,,glucose rescue,supportive care|general inpatient care,supportive_or_symptomatic_therapy,支持/对症服务药物,nutrition_electrolyte_metabolic,raises glucose through hepatic glycogenolysis and gluconeogenesis,nausea glycogen depletion and insulinoma context review,RxNorm/ATC/DailyMed,https://dailymed.nlm.nih.gov/dailymed,作为支持治疗或住院通用药物功能知识，不单独作为疾病直接治疗证据
呼吸,sodium bicarbonate,sodium bicarbonate,,alkalinizing agent,supportive care|general inpatient care,supportive_or_symptomatic_therapy,支持/对症服务药物,nutrition_electrolyte_metabolic,provides bicarbonate buffer for selected acidosis or alkalinization contexts,sodium load alkalosis and volume overload review,RxNorm/ATC/DailyMed,https://dailymed.nlm.nih.gov/dailymed,作为支持治疗或住院通用药物功能知识，不单独作为疾病直接治疗证据
呼吸,phosphate replacement,phosphate replacement,potassium phosphate|sodium phosphate,electrolyte replacement,supportive care|general inpatient care,supportive_or_symptomatic_therapy,支持/对症服务药物,nutrition_electrolyte_metabolic,repletes phosphate deficit,calcium potassium sodium renal and infusion monitoring review,RxNorm/ATC/DailyMed,https://dailymed.nlm.nih.gov/dailymed,作为支持治疗或住院通用药物功能知识，不单独作为疾病直接治疗证据
呼吸,zinc sulfate,zinc sulfate,,trace element supplement,supportive care|general inpatient care,supportive_or_symptomatic_therapy,支持/对症服务药物,nutrition_support,zinc replacement supports nutrition and wound healing,nausea copper deficiency and dosing review,RxNorm/ATC/DailyMed,https://dailymed.nlm.nih.gov/dailymed,作为支持治疗或住院通用药物功能知识，不单独作为疾病直接治疗证据
呼吸,ascorbic acid,ascorbic acid,vitamin C,vitamin supplement,supportive care|general inpatient care,supportive_or_symptomatic_therapy,支持/对症服务药物,nutrition_support,vitamin C replacement supports deficiency and wound healing,renal stones and high dose review,RxNorm/ATC/DailyMed,https://dailymed.nlm.nih.gov/dailymed,作为支持治疗或住院通用药物功能知识，不单独作为疾病直接治疗证据
呼吸,enteral nutrition,enteral nutrition,feeding formula|tube feeding,nutrition product,supportive care|general inpatient care,general_inpatient_medication,住院通用服务药物,nutrition_support,provides calories protein and micronutrients through enteral route,aspiration glucose electrolyte and refeeding risk review,RxNorm/ATC/DailyMed,https://dailymed.nlm.nih.gov/dailymed,作为支持治疗或住院通用药物功能知识，不单独作为疾病直接治疗证据
呼吸,parenteral nutrition,parenteral nutrition,TPN|total parenteral nutrition,nutrition product,supportive care|general inpatient care,general_inpatient_medication,住院通用服务药物,nutrition_support,provides intravenous macronutrients and micronutrients when enteral route inadequate,line infection glucose liver and electrolyte review,RxNorm/ATC/DailyMed,https://dailymed.nlm.nih.gov/dailymed,作为支持治疗或住院通用药物功能知识，不单独作为疾病直接治疗证据
